Handle,Title,Body (HTML),Vendor,Product Category,Type,Tags,Published,Option1 Name,Option1 Value,Option2 Name,Option2 Value,Option3 Name,Option3 Value,Variant SKU,Variant Grams,Variant Inventory Tracker,Variant Inventory Qty,Variant Inventory Policy,Variant Fulfillment Service,Variant Price,Variant Compare At Price,Variant Requires Shipping,Variant Taxable,Variant Barcode,Image Src,Image Position,Image Alt Text,Gift Card,SEO Title,SEO Description,Variant Weight Unit,Status
coleto-603-violin-viola-cello-rosin,Coleto No. 603 Violin/Viola/Cello Rosin — Austrian Formula,"<p>A Coleto No. 603 bow rosin for violin, viola, or cello, made by the Leto Musical Instrument Co. using a formula from Austria. Note: only the product label is visible in the reference photo, not the rosin cake itself.</p><ul>
<li>Brand: Coleto (Leto Musical Instrument Co.), model No. 603</li>
<li>For violin, viola, and cello bows</li>
<li>Labeled ""Formula from Austria""</li>
</ul>",Coleto,Arts & Entertainment > Hobbies & Creative Arts > Musical Instrument & Orchestra Accessories,Rosin,"Cases & Care, Strings & Accessories, accessory, cello rosin, Coleto, Leto, rosin, viola rosin, violin rosin",true,Title,Default Title,,,,,STR-26,60,shopify,1,deny,manual,0.00,,true,true,,https://cdn.jsdelivr.net/gh/Divercitieslb/bob-music-store@main/import/images/STR-26-01.jpg,1,Coleto No. 603 Violin/Viola/Cello Rosin — Austrian Formula — Bob Music Store,false,Coleto No. 603 Violin/Viola/Cello Rosin — Austrian Formula,"A Coleto No. 603 bow rosin for violin, viola, or cello, made by the Leto Musical Instrument Co — Bob Music Store, Beirut.",g,active
orchestral-music-stand-wire-frame-desk,"Orchestral Music Stand — Black Wire-Frame Desk, Lyre Clip","<p>A full-size folding orchestral music stand in matte black metal, with an open wire-frame/lattice desk and a lyre-shaped cutout at the top clip — a lighter-weight design than a solid-desk stand. Folds compactly and extends to approximately 4ft.</p><ul>
<li>Open wire-frame/lattice desk design</li>
<li>Lyre-shaped cutout at the top clip</li>
<li>Lightweight, folding construction</li>
<li>Full-size, extends to ~4ft</li>
</ul>",Unbranded,Arts & Entertainment > Hobbies & Creative Arts > Musical Instrument & Orchestra Accessories,Music Stand,"Stands, Strings & Accessories, folding stand, music stand, new, orchestral stand, wire frame desk",true,Title,Default Title,,,,,GEAR-15,1800,shopify,1,deny,manual,0.00,,true,true,,https://cdn.jsdelivr.net/gh/Divercitieslb/bob-music-store@main/import/images/GEAR-15-01.jpg,1,"Orchestral Music Stand — Black Wire-Frame Desk, Lyre Clip — Bob Music Store",false,"Orchestral Music Stand — Black Wire-Frame Desk, Lyre Clip","A full-size folding orchestral music stand in matte black metal, with an open wire-frame/lattice desk and a lyre-shaped cutout — Bob Music Store, Beirut.",g,active
orchestral-music-stand-perforated-desk,"Orchestral Music Stand — Black Perforated Desk, Folding Tripod","<p>A full-size folding orchestral music stand in matte black metal, with a solid perforated desk (a 6x9 grid of round holes for sound-friendly airflow) and a tilt-adjust wingnut. Folding tripod legs allow compact storage; extends to approximately 4ft.</p><ul>
<li>Solid perforated desk (6x9 hole grid) for airflow</li>
<li>Folding tripod legs, compact for storage/transport</li>
<li>Tilt-adjust wingnut</li>
<li>Full-size, extends to ~4ft</li>
</ul>",Unbranded,Arts & Entertainment > Hobbies & Creative Arts > Musical Instrument & Orchestra Accessories,Music Stand,"Stands, Strings & Accessories, folding stand, music stand, new, orchestral stand, perforated desk",true,Title,Default Title,,,,,GEAR-14,1800,shopify,1,deny,manual,0.00,,true,true,,https://cdn.jsdelivr.net/gh/Divercitieslb/bob-music-store@main/import/images/GEAR-14-01.jpg,1,"Orchestral Music Stand — Black Perforated Desk, Folding Tripod — Bob Music Store",false,"Orchestral Music Stand — Black Perforated Desk, Folding T…","A full-size folding orchestral music stand in matte black metal, with a solid perforated desk (a 6x9 grid of round holes — Bob Music Store, Beirut.",g,active
mpm-music-ps15-sustain-pedal,mpm Music PS15 Keyboard Sustain Pedal (Yamaha/Akai/Roland/Kawai Compatible),"<p>An mpm Music PS15 normally-closed sustain footswitch pedal, compatible with Yamaha, Akai, Roland, Kawai, and other keyboard brands. Comes in its original pink/magenta and black box; the box's top corner is torn/worn but the pedal itself is in usable condition.</p><ul>
<li>Model: mpm Music PS15</li>
<li>Normally-closed sustain footswitch</li>
<li>Compatible with Yamaha, Akai, Roland, Kawai, and other keyboards</li>
<li>Box top corner torn/worn (pedal per stock condition)</li>
</ul>",mpm Music,Arts & Entertainment > Hobbies & Creative Arts > Musical Instrument & Orchestra Accessories,Accessory,"Cases & Care, Strings & Accessories, accessory, footswitch, keyboard pedal, mpm Music, PS15, sustain pedal, used",true,Title,Default Title,,,,,GEAR-13,400,shopify,1,deny,manual,0.00,,true,true,,https://cdn.jsdelivr.net/gh/Divercitieslb/bob-music-store@main/import/images/GEAR-13-01.jpg,1,mpm Music PS15 Keyboard Sustain Pedal (Yamaha/Akai/Roland/Kawai Compatible) — Bob Music Store,false,mpm Music PS15 Keyboard Sustain Pedal (Yamaha/Akai/Roland…,"An mpm Music PS15 normally-closed sustain footswitch pedal, compatible with Yamaha, Akai, Roland, Kawai, and other keyboard — Bob Music Store, Beirut.",g,active
mpm-music-ps15-sustain-pedal,,,,,,,,,,,,,,,,,,,,,,,,,https://cdn.jsdelivr.net/gh/Divercitieslb/bob-music-store@main/import/images/GEAR-13-90.jpg,2,mpm Music PS15 Keyboard Sustain Pedal (Yamaha/Akai/Roland/Kawai Compatible) — view 2,,,,,
carlsbro-on-tour-spares-hardware-pack,"Carlsbro ""On Tour Spares"" Amp/Cabinet Hardware Pack","<p>A Carlsbro ""On Tour Spares"" hardware pack for amp/cabinet repairs, including 5-6 grey knurled T-nut/wing-nut fasteners, a small rectangular corner bracket, and one bolt/screw. Sealed in a stapled poly bag on the original red header card.</p><ul>
<li>Brand: Carlsbro (UK amp brand)</li>
<li>5-6 grey knurled T-nut/wing-nut fasteners</li>
<li>Small rectangular corner bracket</li>
<li>One bolt/screw included</li>
</ul>",Carlsbro,Arts & Entertainment > Hobbies & Creative Arts > Musical Instrument & Orchestra Accessories,Accessory,"Cases & Care, Strings & Accessories, accessory, amp parts, cabinet hardware, Carlsbro, hardware pack, new, spares",true,Title,Default Title,,,,,GEAR-12,400,shopify,1,deny,manual,0.00,,true,true,,https://cdn.jsdelivr.net/gh/Divercitieslb/bob-music-store@main/import/images/GEAR-12-01.jpg,1,"Carlsbro ""On Tour Spares"" Amp/Cabinet Hardware Pack — Bob Music Store",false,"Carlsbro ""On Tour Spares"" Amp/Cabinet Hardware Pack","A Carlsbro ""On Tour Spares"" hardware pack for amp/cabinet repairs, including 5-6 grey knurled T-nut/wing-nut fasteners, a small — Bob Music Store, Beirut.",g,active
folding-stand-leg-frame-parts-incomplete,Folding Instrument/Guitar Stand Leg Frame — Parts Only (Incomplete),"<p>An A-frame folding leg assembly, likely from an instrument or guitar stand, with polished chrome/stainless legs, black rubber foot caps, and a curved hook rod with a wingnut fastener. This photo shows only the leg-frame — no neck-cradle or arms are visible, so it's unclear whether the full stand is included.</p><ul>
<li>Chrome/stainless A-frame folding legs with black rubber foot caps</li>
<li>Curved hook rod with wingnut fastener</li>
<li>Scuffed chrome finish (used)</li>
<li>Neck-cradle/arms not shown — completeness unconfirmed, see flag</li>
</ul>",Unbranded,Arts & Entertainment > Hobbies & Creative Arts > Musical Instrument & Orchestra Accessories,Accessory,"Cases & Care, Strings & Accessories, accessory, guitar stand, incomplete, instrument stand, needs confirmation, stand parts, used",true,Title,Default Title,,,,,GEAR-11,400,shopify,1,deny,manual,0.00,,true,true,,https://cdn.jsdelivr.net/gh/Divercitieslb/bob-music-store@main/import/images/GEAR-11-01.jpg,1,Folding Instrument/Guitar Stand Leg Frame — Parts Only (Incomplete) — Bob Music Store,false,Folding Instrument/Guitar Stand Leg Frame — Parts Only (I…,"An A-frame folding leg assembly, likely from an instrument or guitar stand, with polished chrome/stainless legs, black rubber — Bob Music Store, Beirut.",g,active
hand-crank-wooden-ratchet-noisemaker-unconfirmed,Hand-Crank Wooden Mechanism — Possible Ratchet/Noisemaker (Identity Unconfirmed),"<p>A hand-crank wooden mechanism with a fluted wooden cog roller, chrome crank handle, and a large wingnut table-clamp, mounted on a natural wood box body with a cut slot/tongue and a small brass ID plate at the base. The exact identity and function of this item are uncertain from the photo alone — it resembles a crank-operated ratchet/noisemaker, but this is an educated guess only.</p><ul>
<li>Fluted wooden cog roller with chrome crank handle</li>
<li>Large wingnut table-clamp mount</li>
<li>Natural wood box body with cut slot/tongue and small brass ID plate</li>
<li>Function/identity NOT confirmed — see flag before listing</li>
</ul>",Unbranded,Arts & Entertainment > Hobbies & Creative Arts > Musical Instrument & Orchestra Accessories,Accessory,"Cases & Care, Strings & Accessories, accessory, hand-crank, needs identification, noisemaker, ratchet, uncertain, vintage look",true,Title,Default Title,,,,,GEAR-10,400,shopify,1,deny,manual,0.00,,true,true,,https://cdn.jsdelivr.net/gh/Divercitieslb/bob-music-store@main/import/images/GEAR-10-01.jpg,1,Hand-Crank Wooden Mechanism — Possible Ratchet/Noisemaker (Identity Unconfirmed) — Bob Music Store,false,Hand-Crank Wooden Mechanism — Possible Ratchet/Noisemaker…,"A hand-crank wooden mechanism with a fluted wooden cog roller, chrome crank handle, and a large wingnut table-clamp, mounted — Bob Music Store, Beirut.",g,active
swan-melodica-carrying-case-32-key,Swan 32-Key Melodica Carrying Case (Case Only — No Melodica),"<p>A Swan-brand carrying case/bag sized for a 32-key melodica, in steel/navy blue polyester fabric with a circular logo patch featuring a cartoon bird playing a keyboard/horn. Includes an olive canvas shoulder strap with brass rivets. Approximately 45-50cm long.</p><ul>
<li>Fits a 32-key melodica</li>
<li>Steel/navy blue polyester fabric with branded logo patch</li>
<li>Olive canvas shoulder strap with brass rivets</li>
<li>IMPORTANT: case/bag only — no melodica instrument included</li>
</ul>",Swan,Arts & Entertainment > Hobbies & Creative Arts > Musical Instrument & Orchestra Accessories,Case,"Cases & Care, Strings & Accessories, accessory, carrying bag, case, melodica case, no instrument included, Swan",true,Title,Default Title,,,,,GEAR-09,900,shopify,1,deny,manual,0.00,,true,true,,https://cdn.jsdelivr.net/gh/Divercitieslb/bob-music-store@main/import/images/GEAR-09-01.jpg,1,Swan 32-Key Melodica Carrying Case (Case Only — No Melodica) — Bob Music Store,false,Swan 32-Key Melodica Carrying Case (Case Only — No Melodica),"A Swan-brand carrying case/bag sized for a 32-key melodica, in steel/navy blue polyester fabric with a circular logo patch — Bob Music Store, Beirut.",g,active
guitar-strap-tribal-aztec-print,Guitar Strap — Brown Tribal/Aztec Geometric Print,"<p>An adjustable guitar strap in a brown/chocolate base with an orange, cream, and dark-green tribal/Aztec-style geometric print — triangles, dotted rows, and circular sun motifs. Sold loose with a black plastic cam-lock buckle.</p><ul>
<li>Brown/chocolate base with tribal/Aztec geometric print</li>
<li>Orange, cream, and dark-green pattern colors</li>
<li>Black plastic cam-lock buckle</li>
</ul>",Unbranded,Arts & Entertainment > Hobbies & Creative Arts > Musical Instrument & Orchestra Accessories,Guitar Strap,"Straps, Strings & Accessories, accessory, aztec print, guitar strap, new, novelty strap, tribal print, unpackaged",true,Title,Default Title,,,,,GEAR-08,220,shopify,1,deny,manual,0.00,,true,true,,https://cdn.jsdelivr.net/gh/Divercitieslb/bob-music-store@main/import/images/GEAR-08-01.jpg,1,Guitar Strap — Brown Tribal/Aztec Geometric Print — Bob Music Store,false,Guitar Strap — Brown Tribal/Aztec Geometric Print,"An adjustable guitar strap in a brown/chocolate base with an orange, cream, and dark-green tribal/Aztec-style geometric print  — Bob Music Store, Beirut.",g,active
guitar-strap-rainbow-tie-dye-print,Guitar Strap — Rainbow Tie-Dye Stripe Print,"<p>An adjustable guitar strap in a rainbow vertical-stripe tie-dye pattern (red, blue, green, and yellow-orange). New and factory-packaged, bundled with rubber bands.</p><ul>
<li>Rainbow vertical-stripe tie-dye pattern</li>
<li>Red/blue/green/yellow-orange colorway</li>
<li>Factory-packaged, new</li>
</ul>",Unbranded,Arts & Entertainment > Hobbies & Creative Arts > Musical Instrument & Orchestra Accessories,Guitar Strap,"Straps, Strings & Accessories, accessory, guitar strap, new, novelty strap, packaged, rainbow print, tie-dye",true,Title,Default Title,,,,,GEAR-07,220,shopify,1,deny,manual,0.00,,true,true,,https://cdn.jsdelivr.net/gh/Divercitieslb/bob-music-store@main/import/images/GEAR-07-01.jpg,1,Guitar Strap — Rainbow Tie-Dye Stripe Print — Bob Music Store,false,Guitar Strap — Rainbow Tie-Dye Stripe Print,"An adjustable guitar strap in a rainbow vertical-stripe tie-dye pattern (red, blue, green, and yellow-orange) — Bob Music Store, Beirut.",g,active
guitar-strap-canadian-flag-print,Guitar Strap — Canadian Flag Maple Leaf Print,"<p>An adjustable guitar strap printed with the Canadian flag's red maple leaf design. New and factory-packaged with a black cam-lock slide buckle.</p><ul>
<li>Canadian flag / red maple-leaf print</li>
<li>Black cam-lock slide buckle</li>
<li>Factory-packaged, new</li>
</ul>",Unbranded,Arts & Entertainment > Hobbies & Creative Arts > Musical Instrument & Orchestra Accessories,Guitar Strap,"Straps, Strings & Accessories, accessory, canadian flag, guitar strap, maple leaf, new, novelty strap, packaged",true,Title,Default Title,,,,,GEAR-06,220,shopify,1,deny,manual,0.00,,true,true,,https://cdn.jsdelivr.net/gh/Divercitieslb/bob-music-store@main/import/images/GEAR-06-01.jpg,1,Guitar Strap — Canadian Flag Maple Leaf Print — Bob Music Store,false,Guitar Strap — Canadian Flag Maple Leaf Print,"An adjustable guitar strap printed with the Canadian flag's red maple leaf design — Bob Music Store, Beirut.",g,active
guitar-strap-plain-black,Guitar Strap — Plain Black Webbing,"<p>A simple, no-frills guitar strap in matte black webbing with a leather-look rounded end tab. Sold loose (not in retail packaging), with a black plastic tri-glide adjuster and pull loop.</p><ul>
<li>Matte black webbing, no printed graphic</li>
<li>Black plastic tri-glide adjuster with pull loop</li>
<li>Leather-look rounded end tab</li>
<li>Sold unpackaged</li>
</ul>",Unbranded,Arts & Entertainment > Hobbies & Creative Arts > Musical Instrument & Orchestra Accessories,Guitar Strap,"Straps, Strings & Accessories, accessory, guitar strap, new, plain black, solid color, unpackaged",true,Title,Default Title,,,,,GEAR-05,220,shopify,1,deny,manual,0.00,,true,true,,https://cdn.jsdelivr.net/gh/Divercitieslb/bob-music-store@main/import/images/GEAR-05-01.jpg,1,Guitar Strap — Plain Black Webbing — Bob Music Store,false,Guitar Strap — Plain Black Webbing,"A simple, no-frills guitar strap in matte black webbing with a leather-look rounded end tab — Bob Music Store, Beirut.",g,active
guitar-strap-sunset-cross-print,Guitar Strap — Sunset Gradient with Cross Silhouette Print,"<p>An adjustable guitar strap featuring a red/orange/purple sunset gradient print with a black silhouette cross graphic. New and factory-packaged.</p><ul>
<li>Red/orange/purple sunset gradient print</li>
<li>Black silhouette cross graphic</li>
<li>Factory-packaged, new</li>
</ul>",Unbranded,Arts & Entertainment > Hobbies & Creative Arts > Musical Instrument & Orchestra Accessories,Guitar Strap,"Straps, Strings & Accessories, accessory, cross graphic, guitar strap, new, novelty strap, packaged, sunset print",true,Title,Default Title,,,,,GEAR-04,220,shopify,1,deny,manual,0.00,,true,true,,https://cdn.jsdelivr.net/gh/Divercitieslb/bob-music-store@main/import/images/GEAR-04-01.jpg,1,Guitar Strap — Sunset Gradient with Cross Silhouette Print — Bob Music Store,false,Guitar Strap — Sunset Gradient with Cross Silhouette Print,"An adjustable guitar strap featuring a red/orange/purple sunset gradient print with a black silhouette cross graphic — Bob Music Store, Beirut.",g,active
guitar-strap-american-flag-print,Guitar Strap — American Stars & Stripes Flag Print,"<p>An adjustable guitar strap printed with the American stars-and-stripes flag in red, white, and blue. New and factory-packaged with a black slide buckle.</p><ul>
<li>American flag (stars and stripes) print, red/white/blue</li>
<li>Black slide buckle</li>
<li>Factory-packaged, new</li>
</ul>",Unbranded,Arts & Entertainment > Hobbies & Creative Arts > Musical Instrument & Orchestra Accessories,Guitar Strap,"Straps, Strings & Accessories, accessory, american flag, guitar strap, new, novelty strap, packaged, stars and stripes",true,Title,Default Title,,,,,GEAR-03,220,shopify,1,deny,manual,0.00,,true,true,,https://cdn.jsdelivr.net/gh/Divercitieslb/bob-music-store@main/import/images/GEAR-03-01.jpg,1,Guitar Strap — American Stars & Stripes Flag Print — Bob Music Store,false,Guitar Strap — American Stars & Stripes Flag Print,"An adjustable guitar strap printed with the American stars-and-stripes flag in red, white, and blue — Bob Music Store, Beirut.",g,active
guitar-strap-union-jack-print,Guitar Strap — Union Jack (UK Flag) Print,"<p>An adjustable guitar strap printed with the Union Jack in red, white, and navy. New and factory-packaged with a black plastic tri-glide adjuster buckle.</p><ul>
<li>Union Jack (UK flag) print, red/white/navy</li>
<li>Black plastic tri-glide adjuster buckle</li>
<li>Factory-packaged, new</li>
</ul>",Unbranded,Arts & Entertainment > Hobbies & Creative Arts > Musical Instrument & Orchestra Accessories,Guitar Strap,"Straps, Strings & Accessories, accessory, guitar strap, new, novelty strap, packaged, UK flag, union jack",true,Title,Default Title,,,,,GEAR-02,220,shopify,1,deny,manual,0.00,,true,true,,https://cdn.jsdelivr.net/gh/Divercitieslb/bob-music-store@main/import/images/GEAR-02-01.jpg,1,Guitar Strap — Union Jack (UK Flag) Print — Bob Music Store,false,Guitar Strap — Union Jack (UK Flag) Print,"An adjustable guitar strap printed with the Union Jack in red, white, and navy — Bob Music Store, Beirut.",g,active
guitar-strap-flame-fire-print,Guitar Strap — Black with Red/Orange Flame Print,"<p>An adjustable guitar strap in black webbing with a mirrored red/orange flame print running down both ends. New and factory-packaged in a clear poly bag on a black header card with a music-staff graphic.</p><ul>
<li>Black webbing with red/orange flame (fire) print, mirrored on both ends</li>
<li>Adjustable length</li>
<li>Factory-packaged, new</li>
</ul>",Unbranded,Arts & Entertainment > Hobbies & Creative Arts > Musical Instrument & Orchestra Accessories,Guitar Strap,"Straps, Strings & Accessories, accessory, flame print, guitar strap, new, novelty strap, packaged",true,Title,Default Title,,,,,GEAR-01,220,shopify,1,deny,manual,0.00,,true,true,,https://cdn.jsdelivr.net/gh/Divercitieslb/bob-music-store@main/import/images/GEAR-01-01.jpg,1,Guitar Strap — Black with Red/Orange Flame Print — Bob Music Store,false,Guitar Strap — Black with Red/Orange Flame Print,"An adjustable guitar strap in black webbing with a mirrored red/orange flame print running down both ends — Bob Music Store, Beirut.",g,active
hand-painted-soprano-recorder-green-tip,Hand-Painted Soprano Recorder — Green Tip with Blue & Red Panels,"<p>A colorfully hand-painted wooden soprano recorder for kids, featuring a green-tipped foot joint, a blue body panel with red, yellow, and pink dot accents, and a red section near the beak decorated with a yellow flower. Natural wood beak, approximately 30cm/12in long.</p><ul>
<li>Green-tipped foot joint (colors reversed from WND-04)</li>
<li>Blue body panel with red/yellow/pink dot paint accents</li>
<li>Red beak section with yellow flower decoration</li>
<li>Sold individually — part of a color-reversed pair with WND-04, but a separate instrument</li>
</ul>",Unbranded,Arts & Entertainment > Hobbies & Creative Arts > Musical Instruments > Wind Instruments > Recorders,Recorder,"Recorders, Violins & Wind, decorative, hand-painted, kids recorder, recorder, soprano recorder, wind instrument, wood recorder",true,Title,Default Title,,,,,WND-05,120,shopify,1,deny,manual,0.00,,true,true,,https://cdn.jsdelivr.net/gh/Divercitieslb/bob-music-store@main/import/images/WND-05-01.jpg,1,Hand-Painted Soprano Recorder — Green Tip with Blue & Red Panels — Bob Music Store,false,Hand-Painted Soprano Recorder — Green Tip with Blue & Red…,"A colorfully hand-painted wooden soprano recorder for kids, featuring a green-tipped foot joint, a blue body panel with red — Bob Music Store, Beirut.",g,active
hand-painted-soprano-recorder-blue-tip,Hand-Painted Soprano Recorder — Blue Tip with Red & Green Panels,"<p>A colorfully hand-painted wooden soprano recorder for kids, featuring a blue-tipped foot joint, a red body panel with yellow flower and pink dot accents, and a green section near the beak decorated with pink hearts. Natural wood beak, approximately 30cm/12in long.</p><ul>
<li>Blue-tipped foot joint</li>
<li>Red body panel with yellow flower and pink dot paint accents</li>
<li>Green beak section with pink heart accents</li>
<li>Sold individually — part of a color-reversed pair with WND-05, but a separate instrument</li>
</ul>",Unbranded,Arts & Entertainment > Hobbies & Creative Arts > Musical Instruments > Wind Instruments > Recorders,Recorder,"Recorders, Violins & Wind, decorative, hand-painted, kids recorder, recorder, soprano recorder, wind instrument, wood recorder",true,Title,Default Title,,,,,WND-04,120,shopify,1,deny,manual,0.00,,true,true,,https://cdn.jsdelivr.net/gh/Divercitieslb/bob-music-store@main/import/images/WND-04-01.jpg,1,Hand-Painted Soprano Recorder — Blue Tip with Red & Green Panels — Bob Music Store,false,Hand-Painted Soprano Recorder — Blue Tip with Red & Green…,"A colorfully hand-painted wooden soprano recorder for kids, featuring a blue-tipped foot joint, a red body panel with yellow — Bob Music Store, Beirut.",g,active
plain-wood-student-soprano-recorder,Plain Wood Student Soprano Recorder — Natural Finish,"<p>A plain student-grade soprano recorder in natural honey-tan wood, left unpainted to show the grain throughout. Turned decorative rings mark the joints on this three-piece instrument, approximately 12-13in long.</p><ul>
<li>Natural unpainted wood finish with visible grain</li>
<li>Turned decorative rings at the joints</li>
<li>Three-piece construction</li>
<li>No brand markings</li>
</ul>",Unbranded,Arts & Entertainment > Hobbies & Creative Arts > Musical Instruments > Wind Instruments > Recorders,Recorder,"Recorders, Violins & Wind, Beginner & Student, natural finish, new, recorder, soprano recorder, student recorder, wind instrument, wood recorder",true,Title,Default Title,,,,,WND-03,120,shopify,1,deny,manual,0.00,,true,true,,https://cdn.jsdelivr.net/gh/Divercitieslb/bob-music-store@main/import/images/WND-03-01.jpg,1,Plain Wood Student Soprano Recorder — Natural Finish — Bob Music Store,false,Plain Wood Student Soprano Recorder — Natural Finish,"A plain student-grade soprano recorder in natural honey-tan wood, left unpainted to show the grain throughout — Bob Music Store, Beirut.",g,active
hand-painted-daisy-soprano-recorder-green,Hand-Painted Soprano Recorder — Green with Daisy Flower Design,"<p>A decorative wooden soprano recorder for kids, hand-painted in a cheerful three-tone color scheme: green body with a white daisy/flower stencil pattern, an orange-red middle joint with purple dot accents, and a natural unpainted wood mouthpiece. Three-piece construction, approximately 12-13in long.</p><ul>
<li>Hand-painted finish — green, orange-red, and natural wood tones</li>
<li>White daisy/flower stencil detail with purple dot accents</li>
<li>Three-piece take-apart construction</li>
<li>No brand markings; pre-owned condition</li>
</ul>",Unbranded,Arts & Entertainment > Hobbies & Creative Arts > Musical Instruments > Wind Instruments > Recorders,Recorder,"Recorders, Violins & Wind, decorative, hand-painted, kids recorder, recorder, soprano recorder, used, wind instrument, wood recorder",true,Title,Default Title,,,,,WND-02,120,shopify,1,deny,manual,0.00,,true,true,,https://cdn.jsdelivr.net/gh/Divercitieslb/bob-music-store@main/import/images/WND-02-01.jpg,1,Hand-Painted Soprano Recorder — Green with Daisy Flower Design — Bob Music Store,false,Hand-Painted Soprano Recorder — Green with Daisy Flower D…,"A decorative wooden soprano recorder for kids, hand-painted in a cheerful three-tone color scheme: green body with a white — Bob Music Store, Beirut.",g,active
bliss-wooden-soprano-recorder-boxed,Bliss Wooden Soprano Recorder in C — Boxed (Made in Italy),"<p>A wooden soprano recorder in C from Bliss (by Diki), still in its original Italian retail box with a die-cut window showing the mouthpiece. The box text notes modern-system fingering and quality wood construction (Sistema Moderno, Legno Pregiato).</p><ul>
<li>Brand: Bliss (by Diki), Italy</li>
<li>Key: C (Do), modern system</li>
<li>Natural wood-tone body, three-piece construction</li>
<li>New, unopened box with clear display window</li>
</ul>",Bliss,Arts & Entertainment > Hobbies & Creative Arts > Musical Instruments > Wind Instruments > Recorders,Recorder,"Recorders, Violins & Wind, Bliss, boxed, Diki, Italian, new, recorder, soprano recorder, wind instrument, wood recorder",true,Title,Default Title,,,,,WND-01,120,shopify,1,deny,manual,0.00,,true,true,,https://cdn.jsdelivr.net/gh/Divercitieslb/bob-music-store@main/import/images/WND-01-01.jpg,1,Bliss Wooden Soprano Recorder in C — Boxed (Made in Italy) — Bob Music Store,false,Bliss Wooden Soprano Recorder in C — Boxed (Made in Italy),"A wooden soprano recorder in C from Bliss (by Diki), still in its original Italian retail box with a die-cut window showing — Bob Music Store, Beirut.",g,active
ik-multimedia-irig-1st-gen-guitar-audio-interface,IK Multimedia iRig (1st Generation) Guitar Audio Interface for iOS,"<p>IK Multimedia iRig (1st generation), a guitar-to-iPhone/iPad audio interface for the AmpliTube app, includes a guitar cable. Used condition with shelf wear and scuffed box corners.</p><ul>
<li>Guitar-to-iOS audio interface for the AmpliTube app</li>
<li>Includes guitar cable</li>
<li>Analog headphone-jack design — see flags</li>
<li>Used condition, box shows shelf wear/scuffed corners</li>
</ul>",IK Multimedia,Arts & Entertainment > Hobbies & Creative Arts > Musical Instrument & Orchestra Accessories,Audio Interface,"Studio & Recording, Audio & Studio, audio interface, ik multimedia, irig, pro audio, used",true,Title,Default Title,,,,,PA-35,240,shopify,1,deny,manual,0.00,,true,true,,https://cdn.jsdelivr.net/gh/Divercitieslb/bob-music-store@main/import/images/PA-35-01.jpg,1,IK Multimedia iRig (1st Generation) Guitar Audio Interface for iOS — Bob Music Store,false,IK Multimedia iRig (1st Generation) Guitar Audio Interfac…,"IK Multimedia iRig (1st generation), a guitar-to-iPhone/iPad audio interface for the AmpliTube app, includes a guitar cable — Bob Music Store, Beirut.",g,active
bespeco-silos-y-type-interlink-cable,Bespeco Silos Y-Type Interlink Cable (1.8m / 6ft),"<p>Bespeco Silos Y-type pro audio interlink cable, 1.8m/6ft, with three quarter-inch jack plugs (2 mono TS + 1 stereo TRS) and orange rubber-molded boots. New, in clamshell blister packaging.</p><ul>
<li>Y-type interlink cable, 1.8m/6ft</li>
<li>2x mono TS + 1x stereo TRS quarter-inch plugs</li>
<li>New, blister-packed</li>
</ul>",Bespeco,Arts & Entertainment > Hobbies & Creative Arts > Musical Instrument & Orchestra Accessories,Cable,"Cases & Care, Strings & Accessories, bespeco, cable, interlink cable, new, pro audio",true,Title,Default Title,,,,,PA-34,260,shopify,1,deny,manual,0.00,,true,true,,https://cdn.jsdelivr.net/gh/Divercitieslb/bob-music-store@main/import/images/PA-34-01.jpg,1,Bespeco Silos Y-Type Interlink Cable (1.8m / 6ft) — Bob Music Store,false,Bespeco Silos Y-Type Interlink Cable (1.8m / 6ft),"Bespeco Silos Y-type pro audio interlink cable, 1.8m/6ft, with three quarter-inch jack plugs (2 mono TS + 1 stereo TRS) — Bob Music Store, Beirut.",g,active
joyo-jt-01-clip-on-chromatic-tuner,Joyo JT-01 Clip-On Chromatic Tuner,"<p>Joyo JT-01 clip-on chromatic tuner with a green backlit LCD display. New condition.</p><ul>
<li>Clip-on chromatic tuner</li>
<li>Green backlit LCD</li>
<li>New condition</li>
</ul>",Joyo,Arts & Entertainment > Hobbies & Creative Arts > Musical Instrument & Orchestra Accessories,Tuner,"Tuners & Pickups, Strings & Accessories, clip-on tuner, joyo, new, pro audio, tuner",true,Title,Default Title,,,,,PA-33,110,shopify,1,deny,manual,0.00,,true,true,,https://cdn.jsdelivr.net/gh/Divercitieslb/bob-music-store@main/import/images/PA-33-01.jpg,1,Joyo JT-01 Clip-On Chromatic Tuner — Bob Music Store,false,Joyo JT-01 Clip-On Chromatic Tuner,"Joyo JT-01 clip-on chromatic tuner with a green backlit LCD display. New condition — Bob Music Store, Beirut.",g,active
joyo-jt-01-clip-on-chromatic-tuner,,,,,,,,,,,,,,,,,,,,,,,,,https://cdn.jsdelivr.net/gh/Divercitieslb/bob-music-store@main/import/images/PA-33-90.jpg,2,Joyo JT-01 Clip-On Chromatic Tuner — view 2,,,,,
dpi-60b-3-way-marine-speaker-system-pair,DPI 60B 3-Way Marine Speaker System (Pair),"<p>DPI 60B, a 3-way weatherized/marine speaker system sold as a pair, designed for automotive, marine, or home theater use. Used condition.</p><ul>
<li>3-way marine/weatherized speakers, sold as a pair</li>
<li>Compact bookshelf-style cabinets</li>
<li>Silver-grey mesh grilles</li>
<li>Used condition</li>
</ul>",DPI,Electronics > Audio > Audio Components > Speakers,Speaker,"Speakers & PA, Audio & Studio, dpi, marine speaker, pro audio, speaker, used",true,Title,Default Title,,,,,PA-32,9000,shopify,1,deny,manual,0.00,,true,true,,https://cdn.jsdelivr.net/gh/Divercitieslb/bob-music-store@main/import/images/PA-32-01.jpg,1,DPI 60B 3-Way Marine Speaker System (Pair) — Bob Music Store,false,DPI 60B 3-Way Marine Speaker System (Pair),"DPI 60B, a 3-way weatherized/marine speaker system sold as a pair, designed for automotive, marine, or home theater use — Bob Music Store, Beirut.",g,active
celestion-k15b-300-15-inch-loudspeaker-driver,Celestion K15B-300 15-Inch Loudspeaker Driver,"<p>Celestion K15B-300, a 15-inch professional loudspeaker driver. Used condition with visible rust on the frame/basket around the center pole piece.</p><ul>
<li>15in professional loudspeaker driver</li>
<li>Steel basket frame, magnet cover</li>
<li>Visible rust on frame/basket — see flags</li>
<li>Untested — recommend testing before sale</li>
</ul>",Celestion,Electronics > Audio > Audio Components > Speakers,Speaker,"Speakers & PA, Audio & Studio, celestion, loudspeaker driver, pro audio, speaker, used",true,Title,Default Title,,,,,PA-31,9000,shopify,1,deny,manual,0.00,,true,true,,https://cdn.jsdelivr.net/gh/Divercitieslb/bob-music-store@main/import/images/PA-31-01.jpg,1,Celestion K15B-300 15-Inch Loudspeaker Driver — Bob Music Store,false,Celestion K15B-300 15-Inch Loudspeaker Driver,"Celestion K15B-300, a 15-inch professional loudspeaker driver. Used condition with visible rust on the frame/basket around — Bob Music Store, Beirut.",g,active
generic-volume-pedal-boxed,Generic Volume Pedal (Boxed),"<p>Generic volume pedal, boxed — the pedal itself is not visible in this photo and the brand/model print area on the box appears blank. New (box only).</p><ul>
<li>Boxed, new condition</li>
<li>Brand/model unreadable/unprinted</li>
<li>Confirm contents match the box before listing — see flags</li>
</ul>",Generic,Arts & Entertainment > Hobbies & Creative Arts > Musical Instrument & Orchestra Accessories > Electronic Musical Instrument Accessories,Effects Pedal,"Effects Pedals, Audio & Studio, effects pedal, generic, new, pro audio, volume pedal",true,Title,Default Title,,,,,PA-30,700,shopify,1,deny,manual,0.00,,true,true,,https://cdn.jsdelivr.net/gh/Divercitieslb/bob-music-store@main/import/images/PA-30-01.jpg,1,Generic Volume Pedal (Boxed) — Bob Music Store,false,Generic Volume Pedal (Boxed),"Generic volume pedal, boxed — the pedal itself is not visible in this photo and the brand/model print area on the box appears — Bob Music Store, Beirut.",g,active
mooer-ge100-multi-effects-floor-processor,Mooer GE100 Multi-Effects Floor Processor,"<p>Mooer GE100 multi-effects floor processor for guitar, with a color screen and onboard amp sims, drive, delay, reverb, modulation, and looper. New-looking condition.</p><ul>
<li>Color-screen multi-effects processor</li>
<li>Amp sims, drive, delay, reverb, modulation, looper</li>
<li>Built-in expression pedal</li>
<li>New-looking condition</li>
</ul>",Mooer,Arts & Entertainment > Hobbies & Creative Arts > Musical Instrument & Orchestra Accessories > Electronic Musical Instrument Accessories,Effects Pedal,"Effects Pedals, Audio & Studio, effects pedal, mooer, multi-effects, new, pro audio",true,Title,Default Title,,,,,PA-29,700,shopify,1,deny,manual,0.00,,true,true,,https://cdn.jsdelivr.net/gh/Divercitieslb/bob-music-store@main/import/images/PA-29-01.jpg,1,Mooer GE100 Multi-Effects Floor Processor — Bob Music Store,false,Mooer GE100 Multi-Effects Floor Processor,"Mooer GE100 multi-effects floor processor for guitar, with a color screen and onboard amp sims, drive, delay, reverb — Bob Music Store, Beirut.",g,active
mooer-ge100-multi-effects-floor-processor,,,,,,,,,,,,,,,,,,,,,,,,,https://cdn.jsdelivr.net/gh/Divercitieslb/bob-music-store@main/import/images/PA-29-90.jpg,2,Mooer GE100 Multi-Effects Floor Processor — view 2,,,,,
mdr-7-digital-reverb-effects-pedal,MDR-7 Digital Reverb Effects Pedal,"<p>MDR-7 digital reverb effects pedal — no clear manufacturer brand is visible on this box face. Used condition; this listing is based on the box only.</p><ul>
<li>Digital reverb effect</li>
<li>Used condition</li>
<li>Box only — condition of unit inside unconfirmed, see flags</li>
</ul>",Generic,Arts & Entertainment > Hobbies & Creative Arts > Musical Instrument & Orchestra Accessories > Electronic Musical Instrument Accessories,Effects Pedal,"Effects Pedals, Audio & Studio, effects pedal, generic, pro audio, reverb pedal, used",true,Title,Default Title,,,,,PA-28,700,shopify,1,deny,manual,0.00,,true,true,,https://cdn.jsdelivr.net/gh/Divercitieslb/bob-music-store@main/import/images/PA-28-01.jpg,1,MDR-7 Digital Reverb Effects Pedal — Bob Music Store,false,MDR-7 Digital Reverb Effects Pedal,"MDR-7 digital reverb effects pedal — no clear manufacturer brand is visible on this box face — Bob Music Store, Beirut.",g,active
mdr-7-digital-reverb-effects-pedal,,,,,,,,,,,,,,,,,,,,,,,,,https://cdn.jsdelivr.net/gh/Divercitieslb/bob-music-store@main/import/images/PA-28-90.jpg,2,MDR-7 Digital Reverb Effects Pedal — view 2,,,,,
unbranded-wah-volume-treadle-effects-pedal,Unbranded Wah/Volume Treadle Effects Pedal,"<p>Unbranded effects pedal, likely a wah- or volume-style treadle pedal based on its form factor — no visible brand markings. Used condition.</p><ul>
<li>Matte black housing, diamond/waffle rubber tread surface</li>
<li>Treadle-style pedal (wah/volume)</li>
<li>Used condition, no brand markings</li>
<li>Confirm exact function before listing — see flags</li>
</ul>",Generic,Arts & Entertainment > Hobbies & Creative Arts > Musical Instrument & Orchestra Accessories > Electronic Musical Instrument Accessories,Effects Pedal,"Effects Pedals, Audio & Studio, effects pedal, pro audio, unbranded, used, volume pedal, wah pedal",true,Title,Default Title,,,,,PA-27,700,shopify,1,deny,manual,0.00,,true,true,,https://cdn.jsdelivr.net/gh/Divercitieslb/bob-music-store@main/import/images/PA-27-01.jpg,1,Unbranded Wah/Volume Treadle Effects Pedal — Bob Music Store,false,Unbranded Wah/Volume Treadle Effects Pedal,"Unbranded effects pedal, likely a wah- or volume-style treadle pedal based on its form factor — no visible brand markings — Bob Music Store, Beirut.",g,active
kelfar-ak5-pro-special-edition-wind-breath-controller,Kelfar Technologies AK5 Pro Special Edition MIDI Wind/Breath Controller,"<p>Kelfar Technologies AK5 Pro Special Edition, an electronic MIDI wind/breath controller with USB MIDI, dual MIDI I/O, breath controller input, and transpose function. Used condition with visible surface smudges/wear.</p><ul>
<li>USB MIDI wind/breath controller</li>
<li>Dual MIDI I/O, breath controller input</li>
<li>Transpose function, yellow-green backlit LCD readout</li>
<li>Used condition, visible surface wear — niche brand, see flags</li>
</ul>",Kelfar Technologies,Arts & Entertainment > Hobbies & Creative Arts > Musical Instrument & Orchestra Accessories > Electronic Musical Instrument Accessories,MIDI Controller,"MIDI Controllers, Audio & Studio, breath controller, kelfar technologies, midi controller, pro audio, used, wind controller",true,Title,Default Title,,,,,PA-26,2400,shopify,1,deny,manual,0.00,,true,true,,https://cdn.jsdelivr.net/gh/Divercitieslb/bob-music-store@main/import/images/PA-26-01.jpg,1,Kelfar Technologies AK5 Pro Special Edition MIDI Wind/Breath Controller — Bob Music Store,false,Kelfar Technologies AK5 Pro Special Edition MIDI Wind/Bre…,"Kelfar Technologies AK5 Pro Special Edition, an electronic MIDI wind/breath controller with USB MIDI, dual MIDI I/O, breath — Bob Music Store, Beirut.",g,active
m-audio-axiom-air-25-usb-midi-keyboard-controller,M-Audio Axiom Air 25 USB/MIDI Keyboard Controller,"<p>M-Audio Axiom Air 25, a 25-key premium USB/MIDI keyboard controller bundled with AmpliTube/Ignite software. Box shows handling wear and tape at the corners; condition of the unit inside is unclear from the box alone.</p><ul>
<li>25-key USB/MIDI keyboard controller</li>
<li>16 red-bordered velocity-sensitive trigger pads</li>
<li>Includes AmpliTube/Ignite software bundle</li>
<li>Box shows handling wear/tape — see flags</li>
</ul>",M-Audio,Arts & Entertainment > Hobbies & Creative Arts > Musical Instrument & Orchestra Accessories > Electronic Musical Instrument Accessories,MIDI Controller,"MIDI Controllers, Audio & Studio, keyboard controller, m-audio, midi controller, pro audio, used",true,Title,Default Title,,,,,PA-25,2400,shopify,1,deny,manual,0.00,,true,true,,https://cdn.jsdelivr.net/gh/Divercitieslb/bob-music-store@main/import/images/PA-25-01.jpg,1,M-Audio Axiom Air 25 USB/MIDI Keyboard Controller — Bob Music Store,false,M-Audio Axiom Air 25 USB/MIDI Keyboard Controller,"M-Audio Axiom Air 25, a 25-key premium USB/MIDI keyboard controller bundled with AmpliTube/Ignite software — Bob Music Store, Beirut.",g,active
korg-kitbat1002-backup-battery-kit-pa3x,Korg KITBAT1002 Backup Battery Kit (for Pa3X-Series Arranger Keyboards),"<p>Korg KITBAT1002 backup battery kit for Pa3X-series arranger keyboards (Pa3X / Pa3X 61 / Pa3X 76). Used/handled condition with surface dirt and smudging visible.</p><ul>
<li>Internal backup battery kit — not a standalone device</li>
<li>For Korg Pa3X-series arranger workstations only</li>
<li>Shows surface dirt/smudging — not sealed</li>
<li>Confirm model compatibility before purchase — see flags</li>
</ul>",Korg,Arts & Entertainment > Hobbies & Creative Arts > Musical Instrument & Orchestra Accessories,Studio Equipment,"Studio & Recording, Audio & Studio, battery kit, korg, pro audio, replacement part, studio equipment, used",true,Title,Default Title,,,,,PA-24,2600,shopify,1,deny,manual,0.00,,true,true,,https://cdn.jsdelivr.net/gh/Divercitieslb/bob-music-store@main/import/images/PA-24-01.jpg,1,Korg KITBAT1002 Backup Battery Kit (for Pa3X-Series Arranger Keyboards) — Bob Music Store,false,Korg KITBAT1002 Backup Battery Kit (for Pa3X-Series Arran…,"Korg KITBAT1002 backup battery kit for Pa3X-series arranger keyboards (Pa3X / Pa3X 61 / Pa3X 76) — Bob Music Store, Beirut.",g,active
beta-three-ds1800-audio-distribution-splitter,Beta Three DS1800 Audio Distribution Splitter/DI Rack Unit,"<p>Beta Three DS1800 audio distribution splitter/DI rack unit, configurable as 2-into-4 or 1-into-8. New-looking condition.</p><ul>
<li>2-into-4 or 1-into-8 signal distribution</li>
<li>19in rack-mount format</li>
<li>New-looking condition</li>
<li>Minimal brand recognition — priced by function, see flags</li>
</ul>",Beta Three,Arts & Entertainment > Hobbies & Creative Arts > Musical Instrument & Orchestra Accessories,Studio Equipment,"Studio & Recording, Audio & Studio, beta three, di box, new, pro audio, signal splitter, studio equipment",true,Title,Default Title,,,,,PA-23,2600,shopify,1,deny,manual,0.00,,true,true,,https://cdn.jsdelivr.net/gh/Divercitieslb/bob-music-store@main/import/images/PA-23-01.jpg,1,Beta Three DS1800 Audio Distribution Splitter/DI Rack Unit — Bob Music Store,false,Beta Three DS1800 Audio Distribution Splitter/DI Rack Unit,"Beta Three DS1800 audio distribution splitter/DI rack unit, configurable as 2-into-4 or 1-into-8 — Bob Music Store, Beirut.",g,active
sm-pro-audio-prism-fx01-multi-effects-processor,SM Pro Audio Prism FX01 24-Bit Multi-Effects Rack Processor,"<p>SM Pro Audio Prism FX01, a 24-bit multi-effects rack processor. Used condition, box heavily scratched/worn.</p><ul>
<li>24-bit multi-effects processing</li>
<li>19in rack-mount format</li>
<li>Used condition, box heavily worn (cosmetic)</li>
<li>No reliable modern price comps — see flags</li>
</ul>",SM Pro Audio,Arts & Entertainment > Hobbies & Creative Arts > Musical Instrument & Orchestra Accessories,Studio Equipment,"Studio & Recording, Audio & Studio, multi-effects processor, pro audio, rack gear, sm pro audio, studio equipment, used",true,Title,Default Title,,,,,PA-22,2600,shopify,1,deny,manual,0.00,,true,true,,https://cdn.jsdelivr.net/gh/Divercitieslb/bob-music-store@main/import/images/PA-22-01.jpg,1,SM Pro Audio Prism FX01 24-Bit Multi-Effects Rack Processor — Bob Music Store,false,SM Pro Audio Prism FX01 24-Bit Multi-Effects Rack Processor,"SM Pro Audio Prism FX01, a 24-bit multi-effects rack processor. Used condition, box heavily scratched/worn — Bob Music Store, Beirut.",g,active
behringer-super-x-pro-cx2310-crossover,Behringer Super-X Pro CX2310 Stereo/Mono Crossover,"<p>Behringer Super-X Pro CX2310, a high-precision stereo 2-way / mono 3-way crossover with subwoofer output and Linkwitz-Riley filters, in a 19in rack chassis. Used condition, box worn/scuffed.</p><ul>
<li>Stereo 2-way / mono 3-way crossover</li>
<li>Subwoofer output, Linkwitz-Riley filters</li>
<li>19in rack mount format</li>
<li>Used condition, box worn/scuffed at the edges (cosmetic)</li>
</ul>",Behringer,Arts & Entertainment > Hobbies & Creative Arts > Musical Instrument & Orchestra Accessories,Studio Equipment,"Studio & Recording, Audio & Studio, behringer, crossover, pro audio, rack gear, studio equipment, used",true,Title,Default Title,,,,,PA-21,2600,shopify,1,deny,manual,0.00,,true,true,,https://cdn.jsdelivr.net/gh/Divercitieslb/bob-music-store@main/import/images/PA-21-01.jpg,1,Behringer Super-X Pro CX2310 Stereo/Mono Crossover — Bob Music Store,false,Behringer Super-X Pro CX2310 Stereo/Mono Crossover,"Behringer Super-X Pro CX2310, a high-precision stereo 2-way / mono 3-way crossover with subwoofer output and Linkwitz-Riley — Bob Music Store, Beirut.",g,active
behringer-mic800-mini-mic-modeling-preamp,Behringer MIC800 Mini Mic Modeling Preamp,"<p>Behringer MIC800 (Mini Mic), an ultra-compact microphone modeling preamp with 16 selectable preamp voicings. Used condition.</p><ul>
<li>16 selectable preamp voicings</li>
<li>Compact desktop/rack format with analog VU meter</li>
<li>Used condition</li>
</ul>",Behringer,Arts & Entertainment > Hobbies & Creative Arts > Musical Instrument & Orchestra Accessories,Studio Equipment,"Studio & Recording, Audio & Studio, behringer, preamp, pro audio, studio equipment, used",true,Title,Default Title,,,,,PA-20,2600,shopify,1,deny,manual,0.00,,true,true,,https://cdn.jsdelivr.net/gh/Divercitieslb/bob-music-store@main/import/images/PA-20-01.jpg,1,Behringer MIC800 Mini Mic Modeling Preamp — Bob Music Store,false,Behringer MIC800 Mini Mic Modeling Preamp,"Behringer MIC800 (Mini Mic), an ultra-compact microphone modeling preamp with 16 selectable preamp voicings — Bob Music Store, Beirut.",g,active
behringer-bcf2000-b-control-fader-midi-controller,Behringer BCF2000 B-Control Fader — 8-Motorized-Fader USB/MIDI Controller,"<p>Behringer BCF2000 (B-Control Fader), an 8-motorized-fader USB/MIDI controller, ""Designed in Germany."" Box is significantly yellowed/aged; the unit itself is functionally used.</p><ul>
<li>8 motorized faders, USB/MIDI connectivity</li>
<li>Box cosmetically aged/yellowed (does not affect function or value)</li>
<li>Faders untested — confirm before pricing at top of range</li>
</ul>",Behringer,Arts & Entertainment > Hobbies & Creative Arts > Musical Instrument & Orchestra Accessories > Electronic Musical Instrument Accessories,MIDI Controller,"MIDI Controllers, Audio & Studio, behringer, fader controller, midi controller, pro audio, used",true,Title,Default Title,,,,,PA-19,2400,shopify,1,deny,manual,0.00,,true,true,,https://cdn.jsdelivr.net/gh/Divercitieslb/bob-music-store@main/import/images/PA-19-01.jpg,1,Behringer BCF2000 B-Control Fader — 8-Motorized-Fader USB/MIDI Controller — Bob Music Store,false,Behringer BCF2000 B-Control Fader — 8-Motorized-Fader USB…,"Behringer BCF2000 (B-Control Fader), an 8-motorized-fader USB/MIDI controller, ""Designed in Germany."" Box is significantly — Bob Music Store, Beirut.",g,active
behringer-vmx100usb-2-channel-dj-mixer,Behringer Pro Mixer VMX100USB — 2-Channel DJ Mixer with USB Interface,"<p>Behringer Pro Mixer VMX100USB, a 2-channel DJ mixer with a built-in USB audio interface and BPM counter. Box shows crush/dent damage; contents are unconfirmed.</p><ul>
<li>2-channel DJ mixer with USB audio interface</li>
<li>Built-in BPM counter (twin red ""120"" LED displays pictured)</li>
<li>Box shows crush/dent damage near center-left — see flags</li>
</ul>",Behringer,Arts & Entertainment > Hobbies & Creative Arts > Musical Instrument & Orchestra Accessories,DJ Mixer,"Studio & Recording, Audio & Studio, behringer, dj mixer, new, pro audio, usb audio interface",true,Title,Default Title,,,,,PA-18,3200,shopify,1,deny,manual,0.00,,true,true,,https://cdn.jsdelivr.net/gh/Divercitieslb/bob-music-store@main/import/images/PA-18-01.jpg,1,Behringer Pro Mixer VMX100USB — 2-Channel DJ Mixer with USB Interface — Bob Music Store,false,Behringer Pro Mixer VMX100USB — 2-Channel DJ Mixer with U…,"Behringer Pro Mixer VMX100USB, a 2-channel DJ mixer with a built-in USB audio interface and BPM counter — Bob Music Store, Beirut.",g,active
shure-pgx-wireless-system-beta-58-capsule,Shure PGX Wireless System with Beta 58 Capsule (Carrying Case Included),"<p>Shure PGX Wireless system with a Beta 58 capsule, including the original carrying case. Used condition; box is heavily scratched/worn.</p><ul>
<li>Beta 58 capsule wireless handheld transmitter</li>
<li>Includes beltpack receiver and carrying case</li>
<li>Used condition, box heavily worn (cosmetic)</li>
<li>Discontinued analog UHF line — see flags before reselling as a working system</li>
</ul>",Shure,Arts & Entertainment > Hobbies & Creative Arts > Musical Instrument & Orchestra Accessories > Microphone Stands,Microphone,"Microphones, Audio & Studio, beta 58, microphone, pgx, pro audio, shure, used, wireless microphone",true,Title,Default Title,,,,,PA-17,550,shopify,1,deny,manual,0.00,,true,true,,https://cdn.jsdelivr.net/gh/Divercitieslb/bob-music-store@main/import/images/PA-17-01.jpg,1,Shure PGX Wireless System with Beta 58 Capsule (Carrying Case Included) — Bob Music Store,false,Shure PGX Wireless System with Beta 58 Capsule (Carrying …,"Shure PGX Wireless system with a Beta 58 capsule, including the original carrying case — Bob Music Store, Beirut.",g,active
shure-sv200-vocal-microphone-with-15ft-cable,Shure SV200 Vocal Microphone with 15ft Cable,"<p>Shure SV200 vocal microphone, bundled with the included 15ft XLR-to-quarter-inch cable. Used condition.</p><ul>
<li>Black mic body, silver mesh head</li>
<li>Includes 15ft XLR-to-quarter-inch cable</li>
<li>Used condition</li>
</ul>",Shure,Arts & Entertainment > Hobbies & Creative Arts > Musical Instrument & Orchestra Accessories > Microphone Stands,Microphone,"Microphones, Audio & Studio, microphone, pro audio, shure, sv200, used, vocal microphone",true,Title,Default Title,,,,,PA-16,550,shopify,1,deny,manual,0.00,,true,true,,https://cdn.jsdelivr.net/gh/Divercitieslb/bob-music-store@main/import/images/PA-16-01.jpg,1,Shure SV200 Vocal Microphone with 15ft Cable — Bob Music Store,false,Shure SV200 Vocal Microphone with 15ft Cable,"Shure SV200 vocal microphone, bundled with the included 15ft XLR-to-quarter-inch cable — Bob Music Store, Beirut.",g,active
shure-sm58-dynamic-cardioid-vocal-microphone-boxed-pouch,"Shure SM58 Dynamic Cardioid Vocal Microphone (Boxed, with Pouch)","<p>Shure SM58 dynamic cardioid vocal microphone, the industry-standard handheld stage mic. Used condition, boxed, and bundled with a black velvet drawstring storage pouch. Authenticity should be verified before listing — see flags.</p><ul>
<li>Shure SM58 dynamic cardioid capsule, ""SHURE SM58"" printed on the grille bands</li>
<li>Includes black velvet drawstring pouch (worn/faded foil stamping)</li>
<li>Box shows scuffs/scratches (cosmetic)</li>
<li>Used condition — verify authenticity before listing as genuine Shure</li>
</ul>",Shure,Arts & Entertainment > Hobbies & Creative Arts > Musical Instrument & Orchestra Accessories > Microphone Stands,Microphone,"Microphones, Audio & Studio, dynamic microphone, microphone, pro audio, shure, sm58, used, vocal microphone",true,Title,Default Title,,,,,PA-15,550,shopify,1,deny,manual,0.00,,true,true,,https://cdn.jsdelivr.net/gh/Divercitieslb/bob-music-store@main/import/images/PA-15-01.jpg,1,"Shure SM58 Dynamic Cardioid Vocal Microphone (Boxed, with Pouch) — Bob Music Store",false,"Shure SM58 Dynamic Cardioid Vocal Microphone (Boxed, with…","Shure SM58 dynamic cardioid vocal microphone, the industry-standard handheld stage mic — Bob Music Store, Beirut.",g,active
shure-sm58-dynamic-cardioid-vocal-microphone-boxed-pouch,,,,,,,,,,,,,,,,,,,,,,,,,https://cdn.jsdelivr.net/gh/Divercitieslb/bob-music-store@main/import/images/PA-15-02.jpg,2,"Shure SM58 Dynamic Cardioid Vocal Microphone (Boxed, with Pouch) — view 2",,,,,
wireless-vocal-microphone-system-magenta-box,Wireless Vocal Microphone System — Magenta Box (Boxed),"<p>Boxed wireless vocal microphone system with a black handheld mic and a black receiver featuring 3 LED indicators. Used condition.</p><ul>
<li>Black handheld mic + receiver with 3 LED indicators</li>
<li>Purple/magenta box packaging</li>
<li>Used condition</li>
<li>Sold as a generic unbranded wireless system — see flags</li>
</ul>",Generic / Unbranded,Arts & Entertainment > Hobbies & Creative Arts > Musical Instrument & Orchestra Accessories > Microphone Stands,Microphone,"Microphones, Audio & Studio, generic-oem, microphone, pro audio, unbranded, used, wireless microphone",true,Title,Default Title,,,,,PA-14,550,shopify,1,deny,manual,0.00,,true,true,,https://cdn.jsdelivr.net/gh/Divercitieslb/bob-music-store@main/import/images/PA-14-01.jpg,1,Wireless Vocal Microphone System — Magenta Box (Boxed) — Bob Music Store,false,Wireless Vocal Microphone System — Magenta Box (Boxed),"Boxed wireless vocal microphone system with a black handheld mic and a black receiver featuring 3 LED indicators — Bob Music Store, Beirut.",g,active
ay-101-wireless-headset-microphone,AY-101 Wireless Headset Microphone (2.4GHz),"<p>Generic wireless headset microphone (model AY-101), 2.4GHz with a claimed 8-10hr battery life, marketed for classroom, PA, and karaoke use. New-looking condition.</p><ul>
<li>Teal-trimmed headset boom mic</li>
<li>2.4GHz wireless with receiver dongle</li>
<li>Claimed 8-10hr battery life</li>
<li>New-looking condition</li>
</ul>",Generic,Arts & Entertainment > Hobbies & Creative Arts > Musical Instrument & Orchestra Accessories > Microphone Stands,Microphone,"Microphones, Audio & Studio, generic, headset microphone, microphone, new, pro audio, wireless microphone",true,Title,Default Title,,,,,PA-13,550,shopify,1,deny,manual,0.00,,true,true,,https://cdn.jsdelivr.net/gh/Divercitieslb/bob-music-store@main/import/images/PA-13-01.jpg,1,AY-101 Wireless Headset Microphone (2.4GHz) — Bob Music Store,false,AY-101 Wireless Headset Microphone (2.4GHz),"Generic wireless headset microphone (model AY-101), 2.4GHz with a claimed 8-10hr battery life, marketed for classroom, PA — Bob Music Store, Beirut.",g,active
freepower-ak-460-ii-wireless-mic-combo-kit,"FreePower AK-460 II Wireless Microphone Combo Kit — Handheld, Lavalier & Headset","<p>FreePower AK-460 II wireless microphone combo kit, bundling three mic types in one system — a handheld mic with LCD, a lavalier clip-on mic, and a headset boom mic — plus an 18650 rechargeable battery and USB charging port. Used condition.</p><ul>
<li>Handheld mic with LCD display</li>
<li>Lavalier clip-on mic included</li>
<li>Headset boom mic included</li>
<li>18650 rechargeable battery + USB charging</li>
<li>Used condition — test all three mic types before listing as fully functional</li>
</ul>",FreePower,Arts & Entertainment > Hobbies & Creative Arts > Musical Instrument & Orchestra Accessories > Microphone Stands,Microphone,"Microphones, Audio & Studio, freepower, headset microphone, lavalier microphone, microphone, pro audio, used, wireless microphone",true,Title,Default Title,,,,,PA-12,550,shopify,1,deny,manual,0.00,,true,true,,https://cdn.jsdelivr.net/gh/Divercitieslb/bob-music-store@main/import/images/PA-12-01.jpg,1,"FreePower AK-460 II Wireless Microphone Combo Kit — Handheld, Lavalier & Headset — Bob Music Store",false,FreePower AK-460 II Wireless Microphone Combo Kit — Handh…,"FreePower AK-460 II wireless microphone combo kit, bundling three mic types in one system — a handheld mic with LCD, a lavalier — Bob Music Store, Beirut.",g,active
freepower-ak-889-uhf-wireless-dual-microphone-system,FreePower AK-889 UHF Wireless Dual Microphone System (LCD Display),"<p>FreePower AK-889 UHF wireless microphone system — two silver handheld mics with small LCD screens, paired with a black receiver featuring dual upright antennas and twin LCD frequency readouts. Used condition.</p><ul>
<li>UHF wireless, dual handheld mics with LCD screens</li>
<li>Receiver with dual antennas and frequency display (e.g. 750.50/775.60)</li>
<li>Used condition — test before listing as fully functional</li>
</ul>",FreePower,Arts & Entertainment > Hobbies & Creative Arts > Musical Instrument & Orchestra Accessories > Microphone Stands,Microphone,"Microphones, Audio & Studio, freepower, microphone, pro audio, uhf wireless, used, wireless microphone",true,Title,Default Title,,,,,PA-11,550,shopify,1,deny,manual,0.00,,true,true,,https://cdn.jsdelivr.net/gh/Divercitieslb/bob-music-store@main/import/images/PA-11-01.jpg,1,FreePower AK-889 UHF Wireless Dual Microphone System (LCD Display) — Bob Music Store,false,FreePower AK-889 UHF Wireless Dual Microphone System (LCD…,"FreePower AK-889 UHF wireless microphone system — two silver handheld mics with small LCD screens, paired with a black receiver — Bob Music Store, Beirut.",g,active
freepower-sm-500-uhf-wireless-dual-microphone-system,FreePower SM-500 UHF Wireless Dual Microphone System,"<p>FreePower SM-500 UHF wireless microphone system with a claimed 300m range — includes two handheld mics and a silver twin-antenna receiver with dual volume knobs. Used condition.</p><ul>
<li>UHF wireless, dual handheld mics</li>
<li>Twin-antenna receiver with two volume knobs</li>
<li>Claimed 300m range</li>
<li>Used condition — test before listing as fully functional</li>
</ul>",FreePower,Arts & Entertainment > Hobbies & Creative Arts > Musical Instrument & Orchestra Accessories > Microphone Stands,Microphone,"Microphones, Audio & Studio, freepower, microphone, pro audio, uhf wireless, used, wireless microphone",true,Title,Default Title,,,,,PA-10,550,shopify,1,deny,manual,0.00,,true,true,,https://cdn.jsdelivr.net/gh/Divercitieslb/bob-music-store@main/import/images/PA-10-01.jpg,1,FreePower SM-500 UHF Wireless Dual Microphone System — Bob Music Store,false,FreePower SM-500 UHF Wireless Dual Microphone System,"FreePower SM-500 UHF wireless microphone system with a claimed 300m range — includes two handheld mics and a silver — Bob Music Store, Beirut.",g,active
freepower-ak-165-dynamic-vocal-microphone,FreePower AK-165 Dynamic Vocal Microphone,"<p>FreePower AK-165 handheld dynamic vocal microphone, new-looking and boxed.</p><ul>
<li>Black mic body with red teardrop logo</li>
<li>Light blue/white grid-pattern box</li>
<li>Boxed, new-looking condition</li>
</ul>",FreePower,Arts & Entertainment > Hobbies & Creative Arts > Musical Instrument & Orchestra Accessories > Microphone Stands,Microphone,"Microphones, Audio & Studio, boxed, dynamic microphone, freepower, microphone, new, pro audio, vocal microphone",true,Title,Default Title,,,,,PA-09,550,shopify,1,deny,manual,0.00,,true,true,,https://cdn.jsdelivr.net/gh/Divercitieslb/bob-music-store@main/import/images/PA-09-01.jpg,1,FreePower AK-165 Dynamic Vocal Microphone — Bob Music Store,false,FreePower AK-165 Dynamic Vocal Microphone,"FreePower AK-165 handheld dynamic vocal microphone, new-looking and boxed — Bob Music Store, Beirut.",g,active
dynamic-vocal-microphone-teal-gradient-box,"Dynamic Vocal Microphone — Teal Gradient Box, Textured Grille Head","<p>Boxed handheld dynamic vocal microphone in black with a dark textured grille head, in a teal/blue-to-cream gradient box. Used condition.</p><ul>
<li>Black mic body, textured grille head</li>
<li>Used condition</li>
<li>Sold as a generic unbranded microphone — see flags</li>
<li>Functionality/specs not verified by the store</li>
</ul>",Generic / Unbranded,Arts & Entertainment > Hobbies & Creative Arts > Musical Instrument & Orchestra Accessories > Microphone Stands,Microphone,"Microphones, Audio & Studio, dynamic microphone, generic-oem, microphone, pro audio, unbranded, used, vocal microphone",true,Title,Default Title,,,,,PA-08,550,shopify,1,deny,manual,0.00,,true,true,,https://cdn.jsdelivr.net/gh/Divercitieslb/bob-music-store@main/import/images/PA-08-01.jpg,1,"Dynamic Vocal Microphone — Teal Gradient Box, Textured Grille Head — Bob Music Store",false,"Dynamic Vocal Microphone — Teal Gradient Box, Textured Gr…","Boxed handheld dynamic vocal microphone in black with a dark textured grille head, in a teal/blue-to-cream gradient box — Bob Music Store, Beirut.",g,active
dynamic-vocal-microphone-black-red-accent-switch,"Dynamic Vocal Microphone — Black Body, Red Accent Switch","<p>Boxed handheld dynamic vocal microphone in black with a red accent stripe on the on/off switch. New-looking condition.</p><ul>
<li>Black mic body with red accent on/off switch</li>
<li>Boxed, new-looking condition</li>
<li>Sold as a generic unbranded microphone — see flags</li>
<li>Functionality/specs not verified by the store</li>
</ul>",Generic / Unbranded,Arts & Entertainment > Hobbies & Creative Arts > Musical Instrument & Orchestra Accessories > Microphone Stands,Microphone,"Microphones, Audio & Studio, boxed, dynamic microphone, generic-oem, microphone, new, pro audio, unbranded, vocal microphone",true,Title,Default Title,,,,,PA-07,550,shopify,1,deny,manual,0.00,,true,true,,https://cdn.jsdelivr.net/gh/Divercitieslb/bob-music-store@main/import/images/PA-07-01.jpg,1,"Dynamic Vocal Microphone — Black Body, Red Accent Switch — Bob Music Store",false,"Dynamic Vocal Microphone — Black Body, Red Accent Switch","Boxed handheld dynamic vocal microphone in black with a red accent stripe on the on/off switch — Bob Music Store, Beirut.",g,active
dynamic-vocal-microphone-rose-gold-metallic-boxed,Dynamic Vocal Microphone — Rose-Gold Metallic Finish (Boxed),"<p>Boxed handheld dynamic vocal microphone with a rose-gold/copper metallic finish. New-looking condition.</p><ul>
<li>Rose-gold/copper metallic mic body</li>
<li>Boxed, new-looking condition</li>
<li>Sold as a generic unbranded microphone — see flags</li>
<li>Functionality/specs not verified by the store</li>
</ul>",Generic / Unbranded,Arts & Entertainment > Hobbies & Creative Arts > Musical Instrument & Orchestra Accessories > Microphone Stands,Microphone,"Microphones, Audio & Studio, boxed, dynamic microphone, generic-oem, microphone, new, pro audio, unbranded, vocal microphone",true,Title,Default Title,,,,,PA-06,550,shopify,1,deny,manual,0.00,,true,true,,https://cdn.jsdelivr.net/gh/Divercitieslb/bob-music-store@main/import/images/PA-06-01.jpg,1,Dynamic Vocal Microphone — Rose-Gold Metallic Finish (Boxed) — Bob Music Store,false,Dynamic Vocal Microphone — Rose-Gold Metallic Finish (Boxed),"Boxed handheld dynamic vocal microphone with a rose-gold/copper metallic finish — Bob Music Store, Beirut.",g,active
dynamic-vocal-microphone-red-white-pro-mic-box,"Dynamic Vocal Microphone — Boxed, Red/White ""Pro Mic"" Packaging","<p>Boxed handheld dynamic vocal microphone in red/white ""Pro Mic"" style packaging. New-looking condition; the box art shown does not include a photo of the actual mic.</p><ul>
<li>Red/white boxed packaging with oversized ""Pro Mic"" lettering</li>
<li>New-looking condition</li>
<li>Sold as a generic unbranded microphone — see flags</li>
<li>Functionality/specs not verified by the store</li>
</ul>",Generic / Unbranded,Arts & Entertainment > Hobbies & Creative Arts > Musical Instrument & Orchestra Accessories > Microphone Stands,Microphone,"Microphones, Audio & Studio, boxed, dynamic microphone, generic-oem, microphone, new, pro audio, unbranded, vocal microphone",true,Title,Default Title,,,,,PA-05,550,shopify,1,deny,manual,0.00,,true,true,,https://cdn.jsdelivr.net/gh/Divercitieslb/bob-music-store@main/import/images/PA-05-01.jpg,1,"Dynamic Vocal Microphone — Boxed, Red/White ""Pro Mic"" Packaging — Bob Music Store",false,"Dynamic Vocal Microphone — Boxed, Red/White ""Pro Mic"" Pac…","Boxed handheld dynamic vocal microphone in red/white ""Pro Mic"" style packaging — Bob Music Store, Beirut.",g,active
dynamic-vocal-microphone-reflective-silver-mesh-head,"Dynamic Vocal Microphone — Reflective Silver Mesh Head, Black Body","<p>Boxed handheld dynamic vocal microphone in black with a reflective silver mesh head. New-looking condition.</p><ul>
<li>Black mic body, reflective silver mesh head</li>
<li>Boxed, new-looking condition</li>
<li>Sold as a generic unbranded microphone — see flags</li>
<li>Functionality/specs not verified by the store</li>
</ul>",Generic / Unbranded,Arts & Entertainment > Hobbies & Creative Arts > Musical Instrument & Orchestra Accessories > Microphone Stands,Microphone,"Microphones, Audio & Studio, boxed, dynamic microphone, generic-oem, microphone, new, pro audio, unbranded, vocal microphone",true,Title,Default Title,,,,,PA-04,550,shopify,1,deny,manual,0.00,,true,true,,https://cdn.jsdelivr.net/gh/Divercitieslb/bob-music-store@main/import/images/PA-04-01.jpg,1,"Dynamic Vocal Microphone — Reflective Silver Mesh Head, Black Body — Bob Music Store",false,"Dynamic Vocal Microphone — Reflective Silver Mesh Head, B…","Boxed handheld dynamic vocal microphone in black with a reflective silver mesh head — Bob Music Store, Beirut.",g,active
dynamic-vocal-microphone-silver-mesh-head-grey-box,"Dynamic Vocal Microphone — Silver Mesh Head, Grey Box","<p>Boxed handheld dynamic vocal microphone in dark grey/black with a silver mesh head, in a grey/silver box. New-looking condition.</p><ul>
<li>Dark grey/black mic body, silver mesh head</li>
<li>Boxed, new-looking condition</li>
<li>Sold as a generic unbranded microphone — see flags</li>
<li>Functionality/specs not verified by the store</li>
</ul>",Generic / Unbranded,Arts & Entertainment > Hobbies & Creative Arts > Musical Instrument & Orchestra Accessories > Microphone Stands,Microphone,"Microphones, Audio & Studio, boxed, dynamic microphone, generic-oem, microphone, new, pro audio, unbranded, vocal microphone",true,Title,Default Title,,,,,PA-03,550,shopify,1,deny,manual,0.00,,true,true,,https://cdn.jsdelivr.net/gh/Divercitieslb/bob-music-store@main/import/images/PA-03-01.jpg,1,"Dynamic Vocal Microphone — Silver Mesh Head, Grey Box — Bob Music Store",false,"Dynamic Vocal Microphone — Silver Mesh Head, Grey Box","Boxed handheld dynamic vocal microphone in dark grey/black with a silver mesh head, in a grey/silver box — Bob Music Store, Beirut.",g,active
dynamic-vocal-microphone-purple-pale-blue-accent-boxed,"Dynamic Vocal Microphone — Black/Purple Body, Pale Blue Accent (Boxed)","<p>Boxed handheld dynamic vocal microphone in black/purple with a pale blue accent band. New-looking condition.</p><ul>
<li>Black/purple mic body with pale blue accent band</li>
<li>Boxed, new-looking condition</li>
<li>Sold as a generic unbranded microphone — see flags</li>
<li>Functionality/specs not verified by the store</li>
</ul>",Generic / Unbranded,Arts & Entertainment > Hobbies & Creative Arts > Musical Instrument & Orchestra Accessories > Microphone Stands,Microphone,"Microphones, Audio & Studio, boxed, dynamic microphone, generic-oem, microphone, new, pro audio, unbranded, vocal microphone",true,Title,Default Title,,,,,PA-02,550,shopify,1,deny,manual,0.00,,true,true,,https://cdn.jsdelivr.net/gh/Divercitieslb/bob-music-store@main/import/images/PA-02-01.jpg,1,"Dynamic Vocal Microphone — Black/Purple Body, Pale Blue Accent (Boxed) — Bob Music Store",false,"Dynamic Vocal Microphone — Black/Purple Body, Pale Blue A…","Boxed handheld dynamic vocal microphone in black/purple with a pale blue accent band — Bob Music Store, Beirut.",g,active
dynamic-vocal-microphone-blue-accent-boxed,"Dynamic Vocal Microphone — Black Body, Blue Accent Ring (Boxed)","<p>Boxed handheld dynamic vocal microphone in black with a blue accent ring below the grille. Packaging includes a band-silhouette photo and a red ""NEW"" badge; the unit appears new/unused.</p><ul>
<li>Black mic body with blue accent ring</li>
<li>Boxed, new-looking condition</li>
<li>Sold as a generic unbranded microphone — see flags</li>
<li>Functionality/specs not verified by the store</li>
</ul>",Generic / Unbranded,Arts & Entertainment > Hobbies & Creative Arts > Musical Instrument & Orchestra Accessories > Microphone Stands,Microphone,"Microphones, Audio & Studio, boxed, dynamic microphone, generic-oem, microphone, new, pro audio, unbranded, vocal microphone",true,Title,Default Title,,,,,PA-01,550,shopify,1,deny,manual,0.00,,true,true,,https://cdn.jsdelivr.net/gh/Divercitieslb/bob-music-store@main/import/images/PA-01-01.jpg,1,"Dynamic Vocal Microphone — Black Body, Blue Accent Ring (Boxed) — Bob Music Store",false,"Dynamic Vocal Microphone — Black Body, Blue Accent Ring (…","Boxed handheld dynamic vocal microphone in black with a blue accent ring below the grille — Bob Music Store, Beirut.",g,active
new-beat-drum-head-cream-ivory-chrome-rim,"New Beat Replacement Drum Head - Cream/Ivory, Chrome Rim","<p>A New Beat replacement drum head in a cream/ivory tint, with a flowing cursive 'NewBeat' logo and a chrome/silver rim.</p><ul>
<li>Cream/ivory tinted head</li>
<li>Flowing cursive 'NewBeat' logo</li>
<li>Chrome/silver rim</li>
<li>Condition unclear from photo</li>
</ul>",New Beat,Arts & Entertainment > Hobbies & Creative Arts > Musical Instruments > Percussion,Drum Head,"Drum Heads, Percussion, chrome rim, cream, drum head, new beat, replacement head",true,Title,Default Title,,,,,DRM-55,320,shopify,1,deny,manual,0.00,,true,true,,https://cdn.jsdelivr.net/gh/Divercitieslb/bob-music-store@main/import/images/DRM-55-01.jpg,1,"New Beat Replacement Drum Head - Cream/Ivory, Chrome Rim — Bob Music Store",false,"New Beat Replacement Drum Head - Cream/Ivory, Chrome Rim","A New Beat replacement drum head in a cream/ivory tint, with a flowing cursive 'NewBeat' logo and a chrome/silver rim — Bob Music Store, Beirut.",g,active
vintage-premier-percussion-packaging-empty-sleeve,Vintage Premier Percussion (UK) Drumhead Packaging - Empty Sleeve,"<p>An empty vintage Premier Percussion (UK) drumhead packaging sleeve - a kraft-brown cardboard envelope printed with the 'PREMIER First In Percussion' logo and UK/USA factory addresses. No drumhead is visible inside this shot.</p><ul>
<li>Kraft-brown cardboard envelope with 'PREMIER First In Percussion' logo</li>
<li>UK and USA factory addresses printed on the sleeve</li>
<li>No drumhead is visible in the photo - contents unconfirmed</li>
<li>Likely value, if any, is as a vintage collectible sleeve rather than a functional drumhead</li>
</ul>",Premier,Arts & Entertainment > Hobbies & Creative Arts > Musical Instruments > Percussion,Packaging / Collectible,"Drum Heads, Percussion, Vintage & Collectible, collectible, drum head, empty packaging, made in uk, packaging, premier percussion, vintage",true,Title,Default Title,,,,,DRM-54,120,shopify,1,deny,manual,0.00,,true,true,,https://cdn.jsdelivr.net/gh/Divercitieslb/bob-music-store@main/import/images/DRM-54-01.jpg,1,Vintage Premier Percussion (UK) Drumhead Packaging - Empty Sleeve — Bob Music Store,false,Vintage Premier Percussion (UK) Drumhead Packaging - Empt…,"An empty vintage Premier Percussion (UK) drumhead packaging sleeve - a kraft-brown cardboard envelope printed with the 'PREMIER — Bob Music Store, Beirut.",g,active
maxtone-drum-head-cream-ivory,Maxtone Replacement Drum Head - Cream/Ivory,"<p>A Maxtone replacement drum head in a cream/ivory tint, printed with the 'MAXTONE / THE BEST SOUND' wordmark in black and a faint diagonal cursive watermark-like text.</p><ul>
<li>Cream/ivory tinted head</li>
<li>'MAXTONE / THE BEST SOUND' wordmark printed in black</li>
<li>Faint diagonal cursive watermark-like text</li>
<li>New-looking condition, no signs of mounting or play wear</li>
</ul>",Maxtone,Arts & Entertainment > Hobbies & Creative Arts > Musical Instruments > Percussion,Drum Head,"Drum Heads, Percussion, cream, drum head, maxtone, new, replacement head",true,Title,Default Title,,,,,DRM-53,320,shopify,1,deny,manual,0.00,,true,true,,https://cdn.jsdelivr.net/gh/Divercitieslb/bob-music-store@main/import/images/DRM-53-01.jpg,1,Maxtone Replacement Drum Head - Cream/Ivory — Bob Music Store,false,Maxtone Replacement Drum Head - Cream/Ivory,"A Maxtone replacement drum head in a cream/ivory tint, printed with the 'MAXTONE / THE BEST SOUND' wordmark in black — Bob Music Store, Beirut.",g,active
power-beat-drum-head-pale-blue-grey,Power Beat Replacement Drum Head - Pale Blue-Grey,"<p>A Power Beat replacement drum head in a pale blue-grey tint, with the black Power Beat logo printed on the head (the print appears doubled/ghosted).</p><ul>
<li>Pale blue-grey tinted head</li>
<li>Black 'Power Beat' logo print (appears doubled/ghosted)</li>
<li>New-looking condition, no signs of mounting or play wear</li>
</ul>",Power Beat,Arts & Entertainment > Hobbies & Creative Arts > Musical Instruments > Percussion,Drum Head,"Drum Heads, Percussion, blue-grey, drum head, new, power beat, replacement head",true,Title,Default Title,,,,,DRM-52,320,shopify,1,deny,manual,0.00,,true,true,,https://cdn.jsdelivr.net/gh/Divercitieslb/bob-music-store@main/import/images/DRM-52-01.jpg,1,Power Beat Replacement Drum Head - Pale Blue-Grey — Bob Music Store,false,Power Beat Replacement Drum Head - Pale Blue-Grey,"A Power Beat replacement drum head in a pale blue-grey tint, with the black Power Beat logo printed on the head (the print — Bob Music Store, Beirut.",g,active
alexandria-drum-head-lighthouse-medallion,Alexandria Replacement Drum Head - Lighthouse Medallion Logo,"<p>An Alexandria brand replacement drum head, marked 'Made in Egypt,' in a grey-blue tinted synthetic finish with a gold/tan printed lighthouse-and-star medallion logo (an 8-point star framing a lighthouse icon).</p><ul>
<li>Grey-blue tinted synthetic head</li>
<li>Gold/tan printed lighthouse-and-star medallion logo (8-point star framing a lighthouse)</li>
<li>Marked 'Made in Egypt'</li>
<li>Condition unclear from the close-up photo provided</li>
</ul>",Alexandria,Arts & Entertainment > Hobbies & Creative Arts > Musical Instruments > Percussion,Drum Head,"Drum Heads, Percussion, alexandria, drum head, lighthouse logo, made in egypt, replacement head",true,Title,Default Title,,,,,DRM-51,320,shopify,1,deny,manual,0.00,,true,true,,https://cdn.jsdelivr.net/gh/Divercitieslb/bob-music-store@main/import/images/DRM-51-01.jpg,1,Alexandria Replacement Drum Head - Lighthouse Medallion Logo — Bob Music Store,false,Alexandria Replacement Drum Head - Lighthouse Medallion Logo,"An Alexandria brand replacement drum head, marked 'Made in Egypt,' in a grey-blue tinted synthetic finish with a gold/tan — Bob Music Store, Beirut.",g,active
power-beat-drum-head-16in-sealed,"Power Beat Replacement Drum Head - 16in, Sealed","<p>A sealed, unused Power Beat replacement drum head in 16in size (labeled via a red circle sticker), still in its original poly bag. The winged 'P' Power Beat logo is printed twice, in white and navy, with 'Made in Taiwan' marked on the packaging.</p><ul>
<li>16in size, marked with a red circle sticker</li>
<li>Sealed in original poly bag - unused</li>
<li>Winged 'P' Power Beat logo printed twice, in white and navy</li>
<li>Marked 'Made in Taiwan'</li>
</ul>",Power Beat,Arts & Entertainment > Hobbies & Creative Arts > Musical Instruments > Percussion,Drum Head,"Drum Heads, Percussion, 16in, drum head, made in taiwan, new, power beat, replacement head, sealed",true,Title,Default Title,,,,,DRM-50,320,shopify,1,deny,manual,0.00,,true,true,,https://cdn.jsdelivr.net/gh/Divercitieslb/bob-music-store@main/import/images/DRM-50-01.jpg,1,"Power Beat Replacement Drum Head - 16in, Sealed — Bob Music Store",false,"Power Beat Replacement Drum Head - 16in, Sealed","A sealed, unused Power Beat replacement drum head in 16in size (labeled via a red circle sticker), still in its original poly — Bob Music Store, Beirut.",g,active
childrens-glockenspiel-bell-kit-25-bar,Children's 25-Bar Chromatic Glockenspiel/Bell Kit with Case,"<p>A children's chromatic glockenspiel/bell kit in a yellow hard-shell carrying case, with rainbow-colored natural-note bars stamped with note names and blue sharp/flat bars laid out across two rows (25 bars total). Two orange-tipped mallets clip into the lid for storage.</p><ul>
<li>25-bar, two-row chromatic layout</li>
<li>Rainbow-colored natural-note bars (blue/white/purple/red/orange/yellow/green), stamped with note names</li>
<li>Blue sharp/flat bars</li>
<li>Yellow hard-shell carrying case with two orange-tipped mallets clipped into the lid</li>
<li>New condition</li>
</ul>",Unbranded,Arts & Entertainment > Hobbies & Creative Arts > Musical Instruments > Percussion,Glockenspiel,"Drum Kits & Bongos, Percussion, Beginner & Student, 25-bar, bell kit, glockenspiel, kids instrument, mallet percussion, new",true,Title,Default Title,,,,,DRM-49,1400,shopify,1,deny,manual,0.00,,true,true,,https://cdn.jsdelivr.net/gh/Divercitieslb/bob-music-store@main/import/images/DRM-49-01.jpg,1,Children's 25-Bar Chromatic Glockenspiel/Bell Kit with Case — Bob Music Store,false,Children's 25-Bar Chromatic Glockenspiel/Bell Kit with Case,"A children's chromatic glockenspiel/bell kit in a yellow hard-shell carrying case, with rainbow-colored natural-note bars — Bob Music Store, Beirut.",g,active
bongo-pair-brass-glitter-accent,Bongo Drum Pair - Brass Shells with Glitter Accent Panel,"<p>A joined pair of bongo drums with brass/gold-tone metal shells and tan, natural goatskin-look heads, connected by a black center body panel. The smaller (macho) drum carries a red glitter swirl accent, and the larger (hembra) drum a blue glitter swirl, with gold hook-and-bolt tuning hardware throughout.</p><ul>
<li>Brass/gold-tone metal shells, joined at a center block</li>
<li>Tan, natural goatskin-look heads</li>
<li>Red glitter swirl accent on the small (macho) drum, blue on the large (hembra) drum</li>
<li>Gold hook-and-bolt tuning hardware</li>
<li>New condition</li>
</ul>",Unbranded,Arts & Entertainment > Hobbies & Creative Arts > Musical Instruments > Percussion,Bongos,"Drum Kits & Bongos, Percussion, bongos, brass, glitter, hand drum, latin percussion, new",true,Title,Default Title,,,,,DRM-48,3200,shopify,1,deny,manual,0.00,,true,true,,https://cdn.jsdelivr.net/gh/Divercitieslb/bob-music-store@main/import/images/DRM-48-01.jpg,1,Bongo Drum Pair - Brass Shells with Glitter Accent Panel — Bob Music Store,false,Bongo Drum Pair - Brass Shells with Glitter Accent Panel,"A joined pair of bongo drums with brass/gold-tone metal shells and tan, natural goatskin-look heads, connected by a black — Bob Music Store, Beirut.",g,active
maxtone-5-piece-drum-kit-ocean-blue,Maxtone 5-Piece Acoustic Drum Kit - Ocean Blue Marbled Finish,"<p>A complete Maxtone acoustic drum kit finished in a marbled/sparkle ocean-blue lacquer with black hardware, including the 'MAXTONE' wordmark on the kick drum head and a small badge on one rack tom. The group photo shows a bass drum, two rack toms, a floor tom, a partially obscured snare, and a hi-hat stand with a hi-hat cymbal.</p><ul>
<li>Ocean-blue marbled/sparkle lacquer finish on all shells, black hardware</li>
<li>'MAXTONE' wordmark on kick drum head plus badge on a rack tom</li>
<li>Confirmed in photo: bass drum, 2 rack toms, floor tom, snare (partially obscured), hi-hat stand with hi-hat cymbal</li>
<li>Full-size kit, approx. 20in kick with 10/12/14in toms (estimated)</li>
<li>No crash/ride cymbals or a drum throne are confirmed visible in the photo</li>
</ul>",Maxtone,Arts & Entertainment > Hobbies & Creative Arts > Musical Instruments > Percussion,Drum Kit,"Drum Kits & Bongos, Percussion, 5-piece, acoustic drum kit, blue, drum kit, hi-hat, maxtone, new-looking",true,Title,Default Title,,,,,DRM-47,22000,shopify,1,deny,manual,0.00,,true,true,,https://cdn.jsdelivr.net/gh/Divercitieslb/bob-music-store@main/import/images/DRM-47-01.jpg,1,Maxtone 5-Piece Acoustic Drum Kit - Ocean Blue Marbled Finish — Bob Music Store,false,Maxtone 5-Piece Acoustic Drum Kit - Ocean Blue Marbled Fi…,"A complete Maxtone acoustic drum kit finished in a marbled/sparkle ocean-blue lacquer with black hardware, including — Bob Music Store, Beirut.",g,active
plain-frame-drum-tar-bendir-natural-rawhide,Plain Frame Drum (Tar/Bendir Style) - Natural Rawhide Head,"<p>A plain frame drum in the tar/bendir style, with a natural undyed rawhide/goatskin head (pale tan with darker mottled staining) stretched over a plain light wood rim. A single row of small lacing holes runs around the rim.</p><ul>
<li>Natural undyed rawhide/goatskin head, pale tan with darker mottled staining</li>
<li>Plain light wood rim with a single row of small lacing holes</li>
<li>No jingles or snare strings visible - reads as a plain frame drum, not a jingled tambourine</li>
<li>Shallow, uniform-depth shell, approx. 16-18in diameter</li>
<li>Condition unclear from photo</li>
</ul>",Unbranded,Arts & Entertainment > Hobbies & Creative Arts > Musical Instruments > Percussion,Frame Drum,"Riq & Frame Drums, Percussion, Arabic Instruments, bendir, frame drum, goatskin, middle eastern, no jingles, rawhide, tar, unbranded",true,Title,Default Title,,,,,DRM-46,900,shopify,1,deny,manual,0.00,,true,true,,https://cdn.jsdelivr.net/gh/Divercitieslb/bob-music-store@main/import/images/DRM-46-01.jpg,1,Plain Frame Drum (Tar/Bendir Style) - Natural Rawhide Head — Bob Music Store,false,Plain Frame Drum (Tar/Bendir Style) - Natural Rawhide Head,"A plain frame drum in the tar/bendir style, with a natural undyed rawhide/goatskin head (pale tan with darker mottled staining) — Bob Music Store, Beirut.",g,active
bass-drum-pair-floor-stand-foot-pedal,"Bass Drum Pair with Floor Stand & Foot Pedal - Two Tabl Drums, Mixed Finish","<p>A pair of bass drums (tabl) shown together in one group photo: one mid-size drum (approx. 14-16in) mounted on a chrome tripod floor stand with a foot-pedal linkage, in a black lacquered shell with thin gold pinstripe bands and worn/tarnished gold trim; and a separate, larger loose drum (approx. 18-20in) with a glossy orange/natural wood-grain lacquered shell, a black marbled head, and a small rectangular metal badge plate, whose partly-blurred head logo may read 'Power Beat.' No individual close-up photos exist for either drum, so this is listed as a single combined pair.</p><ul>
<li>Drum 1 (approx. 14-16in): black lacquered shell with thin gold pinstripe bands, chrome hardware, mounted on a chrome tripod floor stand with foot-pedal linkage; gold trim shows wear/tarnish</li>
<li>Drum 2 (approx. 18-20in): glossy orange/wood-grain lacquered shell, black marbled head, chrome hardware, small rectangular metal badge plate, partly-blurred logo (possibly 'Power Beat')</li>
<li>Sold together as a pair - no individual photos exist of either drum separately</li>
<li>Condition and function of the stand's foot-pedal linkage is not confirmed</li>
</ul>",Unbranded,Arts & Entertainment > Hobbies & Creative Arts > Musical Instruments > Percussion,Bass Drum,"Tabl & Bass Drums, Percussion, Arabic Instruments, bass drum, bundle, floor stand, foot pedal, middle eastern, pair, tabl, unbranded, used",true,Title,Default Title,,,,,DRM-45,4500,shopify,1,deny,manual,0.00,,true,true,,https://cdn.jsdelivr.net/gh/Divercitieslb/bob-music-store@main/import/images/DRM-45-01.jpg,1,"Bass Drum Pair with Floor Stand & Foot Pedal - Two Tabl Drums, Mixed Finish — Bob Music Store",false,Bass Drum Pair with Floor Stand & Foot Pedal - Two Tabl D…,"A pair of bass drums (tabl) shown together in one group photo: one mid-size drum (approx — Bob Music Store, Beirut.",g,active
power-beat-bass-drum-tabl-black-marbled-taiwan,"Power Beat Bass Drum (Tabl) - Black Marbled Finish, Made in Taiwan","<p>A Power Beat bass drum (tabl) marked 'Made in Taiwan,' in a black shell with a silvery streaked/marbled finish, a black head with a bold white/grey 'Power Beat' logo, and brass wingnut tuning hardware.</p><ul>
<li>Black shell with silvery streaked/marbled finish</li>
<li>Black head with bold white/grey 'Power Beat' logo</li>
<li>Brass wingnut tuning hardware</li>
<li>Approx. 16-18in diameter</li>
<li>Used, exact wear level unclear from photo</li>
</ul>",Power Beat,Arts & Entertainment > Hobbies & Creative Arts > Musical Instruments > Percussion,Bass Drum,"Tabl & Bass Drums, Percussion, Arabic Instruments, bass drum, black, made in taiwan, marbled, middle eastern, power beat, tabl, used",true,Title,Default Title,,,,,DRM-44,4500,shopify,1,deny,manual,0.00,,true,true,,https://cdn.jsdelivr.net/gh/Divercitieslb/bob-music-store@main/import/images/DRM-44-01.jpg,1,"Power Beat Bass Drum (Tabl) - Black Marbled Finish, Made in Taiwan — Bob Music Store",false,"Power Beat Bass Drum (Tabl) - Black Marbled Finish, Made …","A Power Beat bass drum (tabl) marked 'Made in Taiwan,' in a black shell with a silvery streaked/marbled finish, a black head — Bob Music Store, Beirut.",g,active
unbranded-bass-drum-tabl-lebanese-flag-cedar,"Unbranded Bass Drum (Tabl) - Lebanese Flag & Cedar Print, 18-20in","<p>An 18-20in unbranded bass drum (tabl) with traditional black cross-lace tensioning and a printed head design featuring sky-blue/white clouds, a red-white-red Lebanese flag, and a green cedar tree graphic.</p><ul>
<li>Traditional black cross-lace (woven strap) tensioning</li>
<li>Printed head: sky-blue/white clouds with Lebanese flag and green cedar tree graphic</li>
<li>Approx. 18-20in diameter</li>
<li>New condition</li>
</ul>",Unbranded,Arts & Entertainment > Hobbies & Creative Arts > Musical Instruments > Percussion,Bass Drum,"Tabl & Bass Drums, Percussion, Arabic Instruments, bass drum, cedar tree, cross-lace, lebanese flag, middle eastern, new, tabl, unbranded",true,Title,Default Title,,,,,DRM-43,4500,shopify,1,deny,manual,0.00,,true,true,,https://cdn.jsdelivr.net/gh/Divercitieslb/bob-music-store@main/import/images/DRM-43-01.jpg,1,"Unbranded Bass Drum (Tabl) - Lebanese Flag & Cedar Print, 18-20in — Bob Music Store",false,"Unbranded Bass Drum (Tabl) - Lebanese Flag & Cedar Print,…","An 18-20in unbranded bass drum (tabl) with traditional black cross-lace tensioning and a printed head design featuring — Bob Music Store, Beirut.",g,active
unbranded-bass-drum-tabl-black-cross-lace-small,"Unbranded Bass Drum (Tabl) - Black Cross-Lace, 12-14in","<p>A compact 12-14in unbranded bass drum (tabl) with traditional black cross-lace/woven strap tensioning and a wide, flat-profile shell. The black reflective/mylar synthetic head is left blank.</p><ul>
<li>Traditional black cross-lace (woven strap) tensioning, not claw-hooks</li>
<li>Black reflective/mylar synthetic head, blank/unprinted</li>
<li>Wide, flat-profile shell</li>
<li>Approx. 12-14in diameter - smaller than the other bass drums in this batch</li>
<li>New condition</li>
</ul>",Unbranded,Arts & Entertainment > Hobbies & Creative Arts > Musical Instruments > Percussion,Bass Drum,"Tabl & Bass Drums, Percussion, Arabic Instruments, bass drum, black, cross-lace, middle eastern, new, small size, tabl, unbranded",true,Title,Default Title,,,,,DRM-42,4500,shopify,1,deny,manual,0.00,,true,true,,https://cdn.jsdelivr.net/gh/Divercitieslb/bob-music-store@main/import/images/DRM-42-01.jpg,1,"Unbranded Bass Drum (Tabl) - Black Cross-Lace, 12-14in — Bob Music Store",false,"Unbranded Bass Drum (Tabl) - Black Cross-Lace, 12-14in","A compact 12-14in unbranded bass drum (tabl) with traditional black cross-lace/woven strap tensioning and a wide, flat-profile — Bob Music Store, Beirut.",g,active
alam-alikaa-bass-drum-tabl-cream-ink-blot,"Alam Alikaa Bass Drum (Tabl) - Cream Ink-Blot Marbled Finish, 18-20in","<p>An 18-20in Alam Alikaa bass drum (tabl) in a cream/white shell with a black ink-blot marbled pattern, finished with gold cursive 'Alam Alikaa' script and green/gold Arabic text on the head. Western-style chrome claw-hook tension lugs make for easy tuning.</p><ul>
<li>Cream/white shell with black ink-blot marbled pattern</li>
<li>Gold cursive 'Alam Alikaa' script plus green/gold Arabic text on the head</li>
<li>Chrome claw-hook (Western-style) tension lugs</li>
<li>Approx. 18-20in diameter</li>
<li>New condition</li>
</ul>",Alam Alikaa,Arts & Entertainment > Hobbies & Creative Arts > Musical Instruments > Percussion,Bass Drum,"Tabl & Bass Drums, Percussion, Arabic Instruments, alam alikaa, bass drum, cream, large drum, marbled, middle eastern, new, tabl",true,Title,Default Title,,,,,DRM-41,4500,shopify,1,deny,manual,0.00,,true,true,,https://cdn.jsdelivr.net/gh/Divercitieslb/bob-music-store@main/import/images/DRM-41-01.jpg,1,"Alam Alikaa Bass Drum (Tabl) - Cream Ink-Blot Marbled Finish, 18-20in — Bob Music Store",false,Alam Alikaa Bass Drum (Tabl) - Cream Ink-Blot Marbled Fin…,"An 18-20in Alam Alikaa bass drum (tabl) in a cream/white shell with a black ink-blot marbled pattern, finished with gold — Bob Music Store, Beirut.",g,active
power-beat-riq-wood-grain-metallic-grey,"Power Beat Frame Drum (Riq) - Wood-Grain/Metallic Grey, Made in Syria","<p>A Power Beat frame drum (riq), marked 'made in SYR,' with a wood-grain/metallic grey streaked shell, a black head with a small white logo, chrome hardware, and three-plus sets of brass jingle pairs for a fuller jingle sound.</p><ul>
<li>Wood-grain/metallic grey streaked shell finish</li>
<li>Black head with small white 'Power Beat' logo</li>
<li>Chrome-plated hardware</li>
<li>3+ sets of brass jingle pairs</li>
<li>New condition, marked 'Made in SYR'</li>
</ul>",Power Beat,Arts & Entertainment > Hobbies & Creative Arts > Musical Instruments > Percussion,Frame Drum,"Riq & Frame Drums, Percussion, Arabic Instruments, frame drum, jingle drum, made in syria, middle eastern, new, power beat, riq, wood grain",true,Title,Default Title,,,,,DRM-40,900,shopify,1,deny,manual,0.00,,true,true,,https://cdn.jsdelivr.net/gh/Divercitieslb/bob-music-store@main/import/images/DRM-40-01.jpg,1,"Power Beat Frame Drum (Riq) - Wood-Grain/Metallic Grey, Made in Syria — Bob Music Store",false,"Power Beat Frame Drum (Riq) - Wood-Grain/Metallic Grey, M…","A Power Beat frame drum (riq), marked 'made in SYR,' with a wood-grain/metallic grey streaked shell, a black head with a small — Bob Music Store, Beirut.",g,active
power-beat-plus-frame-drum-wood-grain,Power Beat Plus Frame Drum - Wood-Grain Finish (Used),"<p>A used Power Beat Plus frame drum with a wood-grain vinyl-look shell wrap, a cream/white head printed with the 'Power Beat Plus' logo, and chrome hardware.</p><ul>
<li>Wood-grain vinyl-look shell wrap</li>
<li>Cream/white head with black 'Power Beat Plus' logo print</li>
<li>Chrome-plated hardware</li>
<li>No jingle cutouts are visible in the shell - may be a plain frame drum (tar/bendir style) rather than a jingled tambourine</li>
<li>Used condition</li>
</ul>",Power Beat,Arts & Entertainment > Hobbies & Creative Arts > Musical Instruments > Percussion,Frame Drum,"Riq & Frame Drums, Percussion, Arabic Instruments, Vintage & Collectible, frame drum, middle eastern, power beat, used, wood grain",true,Title,Default Title,,,,,DRM-39,900,shopify,1,deny,manual,0.00,,true,true,,https://cdn.jsdelivr.net/gh/Divercitieslb/bob-music-store@main/import/images/DRM-39-01.jpg,1,Power Beat Plus Frame Drum - Wood-Grain Finish (Used) — Bob Music Store,false,Power Beat Plus Frame Drum - Wood-Grain Finish (Used),"A used Power Beat Plus frame drum with a wood-grain vinyl-look shell wrap, a cream/white head printed with the 'Power Beat — Bob Music Store, Beirut.",g,active
vintage-riq-leopard-print-worn,"Vintage Frame Drum (Riq) - Leopard Print, Worn Patina","<p>A well-worn, vintage frame drum wrapped in a black-and-red leopard-spot print fabric over a cream base, with noticeably tarnished brass jingle pairs and a faded printed head. This is the most heavily aged piece in the batch, with genuine vintage character.</p><ul>
<li>Leopard-spot print fabric wrap over a cream base shell</li>
<li>Tarnished/oxidized brass jingle pairs</li>
<li>Faded printed head</li>
<li>Small stamped logo (a dancing-figures silhouette) is worn and only partially legible - wordmark could not be confidently read</li>
<li>Heaviest visible wear of any item in this batch - sold as vintage/as-is</li>
</ul>",Unbranded,Arts & Entertainment > Hobbies & Creative Arts > Musical Instruments > Percussion,Frame Drum,"Riq & Frame Drums, Percussion, Arabic Instruments, Vintage & Collectible, frame drum, jingle drum, leopard print, middle eastern, riq, unbranded, vintage, worn",true,Title,Default Title,,,,,DRM-38,900,shopify,1,deny,manual,0.00,,true,true,,https://cdn.jsdelivr.net/gh/Divercitieslb/bob-music-store@main/import/images/DRM-38-01.jpg,1,"Vintage Frame Drum (Riq) - Leopard Print, Worn Patina — Bob Music Store",false,"Vintage Frame Drum (Riq) - Leopard Print, Worn Patina","A well-worn, vintage frame drum wrapped in a black-and-red leopard-spot print fabric over a cream base, with noticeably — Bob Music Store, Beirut.",g,active
alam-alikaa-riq-black-white-marbled,Alam Alikaa Frame Drum (Riq) - Black & White Marbled Finish,"<p>An Alam Alikaa frame drum (riq) with a black shell and a white marbled/streaked paint finish, a distinct colorway from the brand's black-and-gold version. Chrome hardware and gold jingle pairs complete the build, with a grey-white head carrying the printed gold logo.</p><ul>
<li>Black shell with white marbled/streaked finish</li>
<li>Chrome-plated hardware</li>
<li>Gold-tone jingle pairs</li>
<li>Grey-white synthetic head with printed gold 'Alam Alikaa' logo</li>
<li>New condition</li>
</ul>",Alam Alikaa,Arts & Entertainment > Hobbies & Creative Arts > Musical Instruments > Percussion,Frame Drum,"Riq & Frame Drums, Percussion, Arabic Instruments, alam alikaa, black, frame drum, jingle drum, marbled, middle eastern, new, riq, white",true,Title,Default Title,,,,,DRM-37,900,shopify,1,deny,manual,0.00,,true,true,,https://cdn.jsdelivr.net/gh/Divercitieslb/bob-music-store@main/import/images/DRM-37-01.jpg,1,Alam Alikaa Frame Drum (Riq) - Black & White Marbled Finish — Bob Music Store,false,Alam Alikaa Frame Drum (Riq) - Black & White Marbled Finish,"An Alam Alikaa frame drum (riq) with a black shell and a white marbled/streaked paint finish, a distinct colorway — Bob Music Store, Beirut.",g,active
unbranded-riq-white-cream-blank-head,"Unbranded Frame Drum (Riq) - White/Cream Finish, Blank Head","<p>An unbranded frame drum (riq) in a light white/cream painted finish, the lightest colorway in this batch, with chrome hardware and gold-tone jingle pairs. The head is left completely blank.</p><ul>
<li>White/cream painted shell - lightest colorway available</li>
<li>Chrome-plated hardware</li>
<li>Gold-tone jingle pairs</li>
<li>Blank, unprinted synthetic head</li>
<li>New condition</li>
</ul>",Unbranded,Arts & Entertainment > Hobbies & Creative Arts > Musical Instruments > Percussion,Frame Drum,"Riq & Frame Drums, Percussion, Arabic Instruments, blank head, cream, frame drum, jingle drum, middle eastern, new, riq, unbranded, white",true,Title,Default Title,,,,,DRM-36,900,shopify,1,deny,manual,0.00,,true,true,,https://cdn.jsdelivr.net/gh/Divercitieslb/bob-music-store@main/import/images/DRM-36-01.jpg,1,"Unbranded Frame Drum (Riq) - White/Cream Finish, Blank Head — Bob Music Store",false,"Unbranded Frame Drum (Riq) - White/Cream Finish, Blank Head","An unbranded frame drum (riq) in a light white/cream painted finish, the lightest colorway in this batch, with chrome hardware — Bob Music Store, Beirut.",g,active
unbranded-riq-maroon-blank-head,"Unbranded Frame Drum (Riq) - Maroon Finish, Blank Head","<p>An unbranded frame drum (riq) in a deep maroon/burgundy painted finish with chrome hardware and gold-tone jingle pairs. The head is left completely blank for a clean, classic look.</p><ul>
<li>Deep maroon/burgundy painted shell</li>
<li>Chrome-plated hardware</li>
<li>Gold-tone jingle pairs (single pair per cutout)</li>
<li>Blank, unprinted synthetic head</li>
<li>New condition</li>
</ul>",Unbranded,Arts & Entertainment > Hobbies & Creative Arts > Musical Instruments > Percussion,Frame Drum,"Riq & Frame Drums, Percussion, Arabic Instruments, blank head, burgundy, frame drum, jingle drum, maroon, middle eastern, new, riq, unbranded",true,Title,Default Title,,,,,DRM-35,900,shopify,1,deny,manual,0.00,,true,true,,https://cdn.jsdelivr.net/gh/Divercitieslb/bob-music-store@main/import/images/DRM-35-01.jpg,1,"Unbranded Frame Drum (Riq) - Maroon Finish, Blank Head — Bob Music Store",false,"Unbranded Frame Drum (Riq) - Maroon Finish, Blank Head","An unbranded frame drum (riq) in a deep maroon/burgundy painted finish with chrome hardware and gold-tone jingle pairs — Bob Music Store, Beirut.",g,active
alam-alikaa-riq-black-gold-marbled,Alam Alikaa Frame Drum (Riq) - Black & Gold Marbled Finish,"<p>A striking Alam Alikaa frame drum (riq) with a black shell finished in a metallic gold marbled/splatter paint effect, chrome hardware, and double-stacked brass jingle pairs for a full, ringing jingle sound. The grey-white head carries a printed gold 'Alam Alikaa' logo.</p><ul>
<li>Black shell with metallic gold marbled/splatter finish</li>
<li>Chrome-plated hardware throughout</li>
<li>Double-stacked brass jingle pairs for extra volume and shimmer</li>
<li>Grey-white synthetic head with printed gold logo</li>
<li>New condition</li>
</ul>",Alam Alikaa,Arts & Entertainment > Hobbies & Creative Arts > Musical Instruments > Percussion,Frame Drum,"Riq & Frame Drums, Percussion, Arabic Instruments, alam alikaa, black, frame drum, gold, jingle drum, marbled, middle eastern, new, riq",true,Title,Default Title,,,,,DRM-34,900,shopify,1,deny,manual,0.00,,true,true,,https://cdn.jsdelivr.net/gh/Divercitieslb/bob-music-store@main/import/images/DRM-34-01.jpg,1,Alam Alikaa Frame Drum (Riq) - Black & Gold Marbled Finish — Bob Music Store,false,Alam Alikaa Frame Drum (Riq) - Black & Gold Marbled Finish,"A striking Alam Alikaa frame drum (riq) with a black shell finished in a metallic gold marbled/splatter paint effect, chrome — Bob Music Store, Beirut.",g,active
alam-alikaa-riq-black-gold-marbled,,,,,,,,,,,,,,,,,,,,,,,,,https://cdn.jsdelivr.net/gh/Divercitieslb/bob-music-store@main/import/images/DRM-34-02.jpg,2,Alam Alikaa Frame Drum (Riq) - Black & Gold Marbled Finish — view 2,,,,,
antique-hammered-metal-darbuka-charcoal-olive-speckle,Antique Hammered-Metal Darbuka - Charcoal & Olive Speckle,"<p>The darkest and greyest of the three antique hammered-metal drums in this batch, this one lands in a charcoal-grey and olive speckle finish. Like its bronze and pewter siblings, there's no mosaic here, just the aged, hand-hammered surface texture.</p><ul>
<li>Antique-style hammered-metal finish with fine speckle texture</li>
<li>Charcoal-grey and olive tone, the darkest of the three</li>
<li>No mosaic or inlay</li>
<li>New, unplayed condition</li>
</ul>",Handmade,Arts & Entertainment > Hobbies & Creative Arts > Musical Instruments > Percussion,Darbuka,"Darbuka, Percussion, Arabic Instruments, antique finish, charcoal, doumbek, grey, hammered metal, middle eastern, no mosaic, olive",true,Title,Default Title,,,,,DRM-33,2200,shopify,1,deny,manual,0.00,,true,true,,https://cdn.jsdelivr.net/gh/Divercitieslb/bob-music-store@main/import/images/DRM-33-01.jpg,1,Antique Hammered-Metal Darbuka - Charcoal & Olive Speckle — Bob Music Store,false,Antique Hammered-Metal Darbuka - Charcoal & Olive Speckle,"The darkest and greyest of the three antique hammered-metal drums in this batch, this one lands in a charcoal-grey and olive — Bob Music Store, Beirut.",g,active
mosaic-darbuka-maroon-yellow-blue-diamond-medallion-sealed,"Mosaic Darbuka - Maroon, Yellow & Blue Diamond Medallion","<p>A large diamond medallion with a red hexagon-star center anchors this cream-and-beige darbuka, surrounded by a colorful maroon, yellow, blue, and grey mosaic pattern. It's still wrapped in its original factory plastic film.</p><ul>
<li>Large diamond medallion with a red hexagon-star center</li>
<li>Maroon, yellow, blue, and grey mosaic colorway</li>
<li>Cream and beige ground</li>
<li>Brand new, still factory-sealed</li>
</ul>",Unbranded,Arts & Entertainment > Hobbies & Creative Arts > Musical Instruments > Percussion,Darbuka,"Darbuka, Percussion, Arabic Instruments, blue, cream, doumbek, factory sealed, grey, maroon, middle eastern, mosaic, new, yellow",true,Title,Default Title,,,,,DRM-32,2200,shopify,1,deny,manual,0.00,,true,true,,https://cdn.jsdelivr.net/gh/Divercitieslb/bob-music-store@main/import/images/DRM-32-01.jpg,1,"Mosaic Darbuka - Maroon, Yellow & Blue Diamond Medallion — Bob Music Store",false,"Mosaic Darbuka - Maroon, Yellow & Blue Diamond Medallion","A large diamond medallion with a red hexagon-star center anchors this cream-and-beige darbuka, surrounded by a colorful maroon — Bob Music Store, Beirut.",g,active
two-tone-darbuka-maroon-pale-blue-white-rim,"Two-Tone Darbuka - Maroon Body, Pale Blue-White Rim Cap","<p>A solid glossy maroon-burgundy body meets a contrasting pale blue-white rim cap on this darbuka, a clean two-tone color-block look with no mosaic anywhere. It's the only maroon/burgundy solid-color drum in the batch.</p><ul>
<li>Solid glossy maroon-burgundy body</li>
<li>Contrasting pale blue-white rim cap</li>
<li>Two-tone color-block design with no mosaic</li>
<li>New, unplayed condition</li>
</ul>",Handmade,Arts & Entertainment > Hobbies & Creative Arts > Musical Instruments > Percussion,Darbuka,"Darbuka, Percussion, Arabic Instruments, burgundy, color block, doumbek, maroon, middle eastern, no mosaic, solid lacquer, two tone",true,Title,Default Title,,,,,DRM-31,2200,shopify,1,deny,manual,0.00,,true,true,,https://cdn.jsdelivr.net/gh/Divercitieslb/bob-music-store@main/import/images/DRM-31-01.jpg,1,"Two-Tone Darbuka - Maroon Body, Pale Blue-White Rim Cap — Bob Music Store",false,"Two-Tone Darbuka - Maroon Body, Pale Blue-White Rim Cap","A solid glossy maroon-burgundy body meets a contrasting pale blue-white rim cap on this darbuka, a clean two-tone color-block — Bob Music Store, Beirut.",g,active
antique-hammered-metal-darbuka-pewter-grey-brown-speckle,Antique Hammered-Metal Darbuka - Pewter & Grey-Brown Speckle,"<p>This darbuka takes the same antique hammered-metal approach as its bronze sibling but shifts the palette cooler, into a pewter and grey-brown speckle. There's no mosaic or inlay anywhere on the body - the finish does all the work.</p><ul>
<li>Antique-style hammered-metal finish with fine speckle texture</li>
<li>Cooler pewter/grey-brown tone</li>
<li>No mosaic or inlay</li>
<li>New, unplayed condition</li>
</ul>",Handmade,Arts & Entertainment > Hobbies & Creative Arts > Musical Instruments > Percussion,Darbuka,"Darbuka, Percussion, Arabic Instruments, antique finish, brown, doumbek, grey, hammered metal, middle eastern, no mosaic, pewter",true,Title,Default Title,,,,,DRM-30,2200,shopify,1,deny,manual,0.00,,true,true,,https://cdn.jsdelivr.net/gh/Divercitieslb/bob-music-store@main/import/images/DRM-30-01.jpg,1,Antique Hammered-Metal Darbuka - Pewter & Grey-Brown Speckle — Bob Music Store,false,Antique Hammered-Metal Darbuka - Pewter & Grey-Brown Speckle,"This darbuka takes the same antique hammered-metal approach as its bronze sibling but shifts the palette cooler, into a pewter — Bob Music Store, Beirut.",g,active
gawharet-el-fan-darbuka-black-cream-pointed-arch-lattice,Gawharet El Fan Darbuka - Black & Cream Pointed-Arch Lattice,"<p>A black-and-cream star-medallion pattern interlocks with a pointed-arch geometric lattice on this Gawharet El Fan darbuka. The maker's brass medallion badge is visible along the lower frame of the piece, confirming its origin.</p><ul>
<li>Gawharet El Fan badge visible, brass medallion at the lower frame</li>
<li>Black and cream star-medallion motif</li>
<li>Pointed-arch geometric lattice pattern</li>
<li>New, unplayed condition</li>
</ul>",Gawharet El Fan,Arts & Entertainment > Hobbies & Creative Arts > Musical Instruments > Percussion,Darbuka,"Darbuka, Percussion, Arabic Instruments, black, branded, cream, doumbek, gawharet el fan, middle eastern, mosaic, pointed arch, star medallion",true,Title,Default Title,,,,,DRM-29,2200,shopify,1,deny,manual,0.00,,true,true,,https://cdn.jsdelivr.net/gh/Divercitieslb/bob-music-store@main/import/images/DRM-29-01.jpg,1,Gawharet El Fan Darbuka - Black & Cream Pointed-Arch Lattice — Bob Music Store,false,Gawharet El Fan Darbuka - Black & Cream Pointed-Arch Lattice,"A black-and-cream star-medallion pattern interlocks with a pointed-arch geometric lattice on this Gawharet El Fan darbuka — Bob Music Store, Beirut.",g,active
gawharet-el-fan-darbuka-12-point-sunburst-rosette,Gawharet El Fan Darbuka - 12-Point Sunburst Rosette,"<p>The centerpiece of this Gawharet El Fan darbuka is a large 12-point star sunburst rosette, set into a crushed mother-of-pearl body and flanked by brown leaf- and eye-shaped inlay panels. It's the most elaborate single motif of any branded piece in this collection, and it carries the maker's brass medallion badge to confirm it.</p><ul>
<li>Genuine Gawharet El Fan badge, brass medallion</li>
<li>Large 12-point star sunburst rosette as the central motif</li>
<li>Crushed mother-of-pearl body texture</li>
<li>Brown leaf/eye-shaped inlay panels</li>
<li>New, unplayed condition</li>
</ul>",Gawharet El Fan,Arts & Entertainment > Hobbies & Creative Arts > Musical Instruments > Percussion,Darbuka,"Darbuka, Percussion, Arabic Instruments, branded, cream, crushed pearl, doumbek, gawharet el fan, middle eastern, rosette, sunburst",true,Title,Default Title,,,,,DRM-28,2200,shopify,1,deny,manual,0.00,,true,true,,https://cdn.jsdelivr.net/gh/Divercitieslb/bob-music-store@main/import/images/DRM-28-01.jpg,1,Gawharet El Fan Darbuka - 12-Point Sunburst Rosette — Bob Music Store,false,Gawharet El Fan Darbuka - 12-Point Sunburst Rosette,"The centerpiece of this Gawharet El Fan darbuka is a large 12-point star sunburst rosette, set into a crushed mother-of-pearl — Bob Music Store, Beirut.",g,active
mosaic-darbuka-cobalt-blue-purple-circle-medallion-column,Mosaic Darbuka - Cobalt Blue with Purple Circle Medallion Column,"<p>A cobalt-blue ground carries purple, black, and cream diamond-and-circle medallions on this darbuka, with a vertical column of small purple-ringed circle medallions running down one side - a layout not repeated on any other blue drum in the batch.</p><ul>
<li>Cobalt/bright blue ground</li>
<li>Purple, black, and cream diamond and circle medallion mosaic</li>
<li>Vertical column of small purple-ringed circle medallions</li>
<li>New, unplayed condition</li>
</ul>",Unbranded,Arts & Entertainment > Hobbies & Creative Arts > Musical Instruments > Percussion,Darbuka,"Darbuka, Percussion, Arabic Instruments, black, blue, circle medallion, cobalt, cream, doumbek, middle eastern, mosaic, purple",true,Title,Default Title,,,,,DRM-27,2200,shopify,1,deny,manual,0.00,,true,true,,https://cdn.jsdelivr.net/gh/Divercitieslb/bob-music-store@main/import/images/DRM-27-01.jpg,1,Mosaic Darbuka - Cobalt Blue with Purple Circle Medallion Column — Bob Music Store,false,Mosaic Darbuka - Cobalt Blue with Purple Circle Medallion…,"A cobalt-blue ground carries purple, black, and cream diamond-and-circle medallions on this darbuka, with a vertical column — Bob Music Store, Beirut.",g,active
antique-hammered-metal-darbuka-bronze-copper-speckle,Antique Hammered-Metal Darbuka - Bronze & Copper Speckle,"<p>Finished to look hand-hammered and aged, this darbuka wears a warm bronze-and-copper speckled texture across its entire body with no mosaic work at all. The uniform fine speckle reads as an antique metal finish rather than a decorative overlay.</p><ul>
<li>Antique-style hammered-metal finish with fine speckle texture</li>
<li>Warm bronze-copper tone</li>
<li>No mosaic or inlay</li>
<li>New, unplayed condition</li>
</ul>",Handmade,Arts & Entertainment > Hobbies & Creative Arts > Musical Instruments > Percussion,Darbuka,"Darbuka, Percussion, Arabic Instruments, antique finish, bronze, copper, doumbek, hammered metal, middle eastern, no mosaic",true,Title,Default Title,,,,,DRM-26,2200,shopify,1,deny,manual,0.00,,true,true,,https://cdn.jsdelivr.net/gh/Divercitieslb/bob-music-store@main/import/images/DRM-26-01.jpg,1,Antique Hammered-Metal Darbuka - Bronze & Copper Speckle — Bob Music Store,false,Antique Hammered-Metal Darbuka - Bronze & Copper Speckle,"Finished to look hand-hammered and aged, this darbuka wears a warm bronze-and-copper speckled texture across its entire body — Bob Music Store, Beirut.",g,active
gawharet-el-fan-darbuka-star-diamond-geometric,Gawharet El Fan Darbuka - Star-and-Diamond Geometric Mosaic,"<p>Cream, white, and black combine in a star-and-diamond geometric mosaic on this Gawharet El Fan darbuka, with a dark reddish-brown accent panel wrapping the collar for contrast. The brand's brass medallion badge confirms it as a genuine professional-tier piece.</p><ul>
<li>Genuine Gawharet El Fan badge, brass medallion</li>
<li>Star-and-diamond geometric mosaic pattern</li>
<li>Cream, white, and black colorway</li>
<li>Dark reddish-brown accent panel at the collar</li>
<li>New, unplayed condition</li>
</ul>",Gawharet El Fan,Arts & Entertainment > Hobbies & Creative Arts > Musical Instruments > Percussion,Darbuka,"Darbuka, Percussion, Arabic Instruments, black, branded, cream, diamond, doumbek, gawharet el fan, middle eastern, mosaic, star",true,Title,Default Title,,,,,DRM-25,2200,shopify,1,deny,manual,0.00,,true,true,,https://cdn.jsdelivr.net/gh/Divercitieslb/bob-music-store@main/import/images/DRM-25-01.jpg,1,Gawharet El Fan Darbuka - Star-and-Diamond Geometric Mosaic — Bob Music Store,false,Gawharet El Fan Darbuka - Star-and-Diamond Geometric Mosaic,"Cream, white, and black combine in a star-and-diamond geometric mosaic on this Gawharet El Fan darbuka, with a dark — Bob Music Store, Beirut.",g,active
gawharet-el-fan-darbuka-3d-cube-illusion-maroon-panel,Gawharet El Fan Darbuka - 3D Cube Illusion Band with Maroon Panel,"<p>This Gawharet El Fan darbuka layers a black-and-white band with a 3D cube-illusion effect over a crushed mother-of-pearl body, then breaks it up with a tall maroon diamond-shaped inlay panel. It's one of the more visually complex pieces in the branded lineup, confirmed by the maker's brass medallion badge.</p><ul>
<li>Genuine Gawharet El Fan badge, brass medallion</li>
<li>Black/white 3D-cube-illusion mosaic band</li>
<li>Crushed mother-of-pearl body texture</li>
<li>Tall maroon diamond-shaped inlay panel</li>
<li>New, unplayed condition</li>
</ul>",Gawharet El Fan,Arts & Entertainment > Hobbies & Creative Arts > Musical Instruments > Percussion,Darbuka,"Darbuka, Percussion, Arabic Instruments, branded, cream, crushed pearl, doumbek, gawharet el fan, geometric, maroon, middle eastern, mother of pearl",true,Title,Default Title,,,,,DRM-24,2200,shopify,1,deny,manual,0.00,,true,true,,https://cdn.jsdelivr.net/gh/Divercitieslb/bob-music-store@main/import/images/DRM-24-01.jpg,1,Gawharet El Fan Darbuka - 3D Cube Illusion Band with Maroon Panel — Bob Music Store,false,Gawharet El Fan Darbuka - 3D Cube Illusion Band with Maro…,"This Gawharet El Fan darbuka layers a black-and-white band with a 3D cube-illusion effect over a crushed mother-of-pearl body — Bob Music Store, Beirut.",g,active
gawharet-el-fan-darbuka-crushed-pearl-vesica-lattice,Gawharet El Fan Darbuka - Crushed Pearl Vesica Lattice,"<p>A dark brown interlocking oval lattice, a repeating vesica pattern, runs across a cream-and-white body finished with a crushed mother-of-pearl sparkle background. This is a genuine Gawharet El Fan piece, identifiable by its brass medallion badge, and the crushed-pearl technique gives it a texture the stamped-mosaic pieces in this batch don't have.</p><ul>
<li>Genuine Gawharet El Fan badge, brass medallion</li>
<li>Dark brown interlocking oval vesica lattice pattern</li>
<li>Crushed mother-of-pearl sparkle background</li>
<li>New, unplayed condition</li>
</ul>",Gawharet El Fan,Arts & Entertainment > Hobbies & Creative Arts > Musical Instruments > Percussion,Darbuka,"Darbuka, Percussion, Arabic Instruments, branded, cream, crushed pearl, doumbek, gawharet el fan, lattice, middle eastern, mother of pearl, vesica",true,Title,Default Title,,,,,DRM-23,2200,shopify,1,deny,manual,0.00,,true,true,,https://cdn.jsdelivr.net/gh/Divercitieslb/bob-music-store@main/import/images/DRM-23-01.jpg,1,Gawharet El Fan Darbuka - Crushed Pearl Vesica Lattice — Bob Music Store,false,Gawharet El Fan Darbuka - Crushed Pearl Vesica Lattice,"A dark brown interlocking oval lattice, a repeating vesica pattern, runs across a cream-and-white body finished with a crushed — Bob Music Store, Beirut.",g,active
gawharet-el-fan-darbuka-cream-brown-shell-fan-border,Gawharet El Fan Darbuka - Cream & Brown Shell-Fan Border with Star Medallions,"<p>Carrying the brass medallion badge of Gawharet El Fan - Egypt's respected, professional-tier darbuka maker - this piece pairs a cream-and-beige ground with a scalloped, fan-shaped mosaic border in brown. Mother-of-pearl star medallions with red dot centers complete a design that reads noticeably more refined than the unbranded pieces in this batch.</p><ul>
<li>Genuine Gawharet El Fan badge, brass medallion with bird/swan logo</li>
<li>Brown scalloped shell-fan mosaic border</li>
<li>Mother-of-pearl star medallions with red dot centers</li>
<li>New, unplayed condition</li>
</ul>",Gawharet El Fan,Arts & Entertainment > Hobbies & Creative Arts > Musical Instruments > Percussion,Darbuka,"Darbuka, Percussion, Arabic Instruments, branded, brown, cream, doumbek, gawharet el fan, middle eastern, mosaic, mother of pearl, star medallion",true,Title,Default Title,,,,,DRM-22,2200,shopify,1,deny,manual,0.00,,true,true,,https://cdn.jsdelivr.net/gh/Divercitieslb/bob-music-store@main/import/images/DRM-22-01.jpg,1,Gawharet El Fan Darbuka - Cream & Brown Shell-Fan Border with Star Medallions — Bob Music Store,false,Gawharet El Fan Darbuka - Cream & Brown Shell-Fan Border …,"Carrying the brass medallion badge of Gawharet El Fan - Egypt's respected, professional-tier darbuka maker - this piece pairs — Bob Music Store, Beirut.",g,active
mosaic-darbuka-bright-yellow-purple-floral-diamonds,Mosaic Darbuka - Bright Yellow & Purple Floral Diamonds,"<p>The most vividly colored piece in the entire batch, this darbuka is built on a bright yellow ground with purple, black, and cream diamond medallions, each centered on a small floral star. It's the only yellow-based drum in the collection, and it isn't shy about it.</p><ul>
<li>Bright yellow ground, the only yellow-based drum in the batch</li>
<li>Purple, black, and cream diamond medallion mosaic</li>
<li>Floral star centers within each medallion</li>
<li>New, unplayed condition</li>
</ul>",Unbranded,Arts & Entertainment > Hobbies & Creative Arts > Musical Instruments > Percussion,Darbuka,"Darbuka, Percussion, Arabic Instruments, black, bold color, cream, diamond medallion, doumbek, floral, middle eastern, mosaic, purple, yellow",true,Title,Default Title,,,,,DRM-21,2200,shopify,1,deny,manual,0.00,,true,true,,https://cdn.jsdelivr.net/gh/Divercitieslb/bob-music-store@main/import/images/DRM-21-01.jpg,1,Mosaic Darbuka - Bright Yellow & Purple Floral Diamonds — Bob Music Store,false,Mosaic Darbuka - Bright Yellow & Purple Floral Diamonds,"The most vividly colored piece in the entire batch, this darbuka is built on a bright yellow ground with purple, black — Bob Music Store, Beirut.",g,active
amber-wood-marquetry-darbuka-chevron-pinstripe,Amber Wood Marquetry Darbuka - Chevron Grain with Pinstripe Inlay,"<p>An all-wood-tone darbuka finished in amber and honey-brown marquetry, laid out in a chevron-and-diamond grain pattern with a thin gold-and-black pinstripe inlay tracing the seams. A heavy glossy varnish seals the whole piece, with no shell or black-lacquer accents anywhere on the body.</p><ul>
<li>Chevron/diamond wood-grain marquetry pattern</li>
<li>Thin gold and black pinstripe inlay detailing</li>
<li>Heavy glossy varnish finish</li>
<li>All-wood-tone palette with no shell or lacquer accents</li>
<li>New, unplayed condition</li>
</ul>",Handmade,Arts & Entertainment > Hobbies & Creative Arts > Musical Instruments > Percussion,Darbuka,"Darbuka, Percussion, Arabic Instruments, amber, chevron, doumbek, honey brown, middle eastern, pinstripe inlay, varnish, wood marquetry",true,Title,Default Title,,,,,DRM-20,2200,shopify,1,deny,manual,0.00,,true,true,,https://cdn.jsdelivr.net/gh/Divercitieslb/bob-music-store@main/import/images/DRM-20-01.jpg,1,Amber Wood Marquetry Darbuka - Chevron Grain with Pinstripe Inlay — Bob Music Store,false,Amber Wood Marquetry Darbuka - Chevron Grain with Pinstri…,"An all-wood-tone darbuka finished in amber and honey-brown marquetry, laid out in a chevron-and-diamond grain pattern — Bob Music Store, Beirut.",g,active
solid-black-darbuka-plain-glossy-lacquer,Solid Black Darbuka - Plain Glossy Lacquer,"<p>No mosaic, no marquetry, no color-blocking - just a solid, glossy black finish from rim to base. It's the simplest piece in the entire batch, suited to a player who wants a clean, understated look.</p><ul>
<li>Solid glossy black lacquer with no pattern of any kind</li>
<li>Simplest finish in the whole collection</li>
<li>New, unplayed condition</li>
</ul>",Handmade,Arts & Entertainment > Hobbies & Creative Arts > Musical Instruments > Percussion,Darbuka,"Darbuka, Percussion, Arabic Instruments, black, doumbek, lacquer, middle eastern, minimalist, no pattern, solid color",true,Title,Default Title,,,,,DRM-19,2200,shopify,1,deny,manual,0.00,,true,true,,https://cdn.jsdelivr.net/gh/Divercitieslb/bob-music-store@main/import/images/DRM-19-01.jpg,1,Solid Black Darbuka - Plain Glossy Lacquer — Bob Music Store,false,Solid Black Darbuka - Plain Glossy Lacquer,"No mosaic, no marquetry, no color-blocking - just a solid, glossy black finish from rim to base — Bob Music Store, Beirut.",g,active
mosaic-darbuka-tan-star-medallions-wood-strip-rim,Mosaic Darbuka - Tan Star Medallions with Wood-Strip Rim Bands,"<p>Six-point mother-of-pearl star medallions sit against a cream-and-tan ground, accented with dark reddish-brown flame- and leaf-shaped inlay pieces. Wood-strip marquetry bands trim the rim, blending mosaic and marquetry techniques on the same body.</p><ul>
<li>Six-point mother-of-pearl star medallions</li>
<li>Dark reddish-brown flame/leaf-shaped inlay accents</li>
<li>Wood-strip marquetry banding at the rim</li>
<li>New, unplayed condition</li>
</ul>",Unbranded,Arts & Entertainment > Hobbies & Creative Arts > Musical Instruments > Percussion,Darbuka,"Darbuka, Percussion, Arabic Instruments, cream, doumbek, leaf inlay, middle eastern, mosaic, mother of pearl, star medallion, tan, wood strip",true,Title,Default Title,,,,,DRM-18,2200,shopify,1,deny,manual,0.00,,true,true,,https://cdn.jsdelivr.net/gh/Divercitieslb/bob-music-store@main/import/images/DRM-18-01.jpg,1,Mosaic Darbuka - Tan Star Medallions with Wood-Strip Rim Bands — Bob Music Store,false,Mosaic Darbuka - Tan Star Medallions with Wood-Strip Rim …,"Six-point mother-of-pearl star medallions sit against a cream-and-tan ground, accented with dark reddish-brown flame — Bob Music Store, Beirut.",g,active
crackle-paint-darbuka-black-white,Crackle-Paint Darbuka - Black & White Marbled Finish,"<p>The inverse of its teal sibling in this batch, this darbuka is finished in glossy black with fine white crackle-paint veining running through the surface - no mosaic, just a marbled painted finish under lacquer.</p><ul>
<li>White crackle-paint veining over a glossy black body</li>
<li>Glossy lacquer topcoat</li>
<li>No mosaic or shell inlay</li>
<li>New, unplayed condition</li>
</ul>",Handmade,Arts & Entertainment > Hobbies & Creative Arts > Musical Instruments > Percussion,Darbuka,"Darbuka, Percussion, Arabic Instruments, black, crackle paint, doumbek, lacquer, middle eastern, no mosaic, white",true,Title,Default Title,,,,,DRM-17,2200,shopify,1,deny,manual,0.00,,true,true,,https://cdn.jsdelivr.net/gh/Divercitieslb/bob-music-store@main/import/images/DRM-17-01.jpg,1,Crackle-Paint Darbuka - Black & White Marbled Finish — Bob Music Store,false,Crackle-Paint Darbuka - Black & White Marbled Finish,"The inverse of its teal sibling in this batch, this darbuka is finished in glossy black with fine white crackle-paint veining — Bob Music Store, Beirut.",g,active
mosaic-darbuka-red-black-mirror-silver-harlequin,"Mosaic Darbuka - Red, Black & Mirror-Silver Harlequin","<p>A bold red, black, and mirror-silver harlequin diamond pattern gives this darbuka a strong graphic presence, built around an hourglass/spade-shaped central motif on a cream-ivory ground.</p><ul>
<li>Harlequin-style diamond mosaic in red, black, and mirror-silver</li>
<li>Hourglass/spade-shaped central motif</li>
<li>Cream-ivory ground</li>
<li>New, unplayed condition</li>
</ul>",Unbranded,Arts & Entertainment > Hobbies & Creative Arts > Musical Instruments > Percussion,Darbuka,"Darbuka, Percussion, Arabic Instruments, black, diamond pattern, doumbek, harlequin, middle eastern, mosaic, red, silver",true,Title,Default Title,,,,,DRM-16,2200,shopify,1,deny,manual,0.00,,true,true,,https://cdn.jsdelivr.net/gh/Divercitieslb/bob-music-store@main/import/images/DRM-16-01.jpg,1,"Mosaic Darbuka - Red, Black & Mirror-Silver Harlequin — Bob Music Store",false,"Mosaic Darbuka - Red, Black & Mirror-Silver Harlequin","A bold red, black, and mirror-silver harlequin diamond pattern gives this darbuka a strong graphic presence, built around — Bob Music Store, Beirut.",g,active
emerald-green-darbuka-dense-marquetry-star-inlay,Emerald Green Darbuka - Densest Marquetry & Star Inlay in the Set,"<p>This is the showpiece of the batch for sheer density of pattern. An emerald and kelly-green body is wrapped in dark reddish-brown wood-tone marquetry banding, then layered with cream, black, and red diamond and star accents until barely any green ground shows through. It's also the only green-based drum in the group.</p><ul>
<li>Most densely patterned piece in the entire batch</li>
<li>Dark reddish-brown wood-tone marquetry banding</li>
<li>Cream, black, and red diamond and star accent work</li>
<li>Only green-based drum in this collection</li>
<li>New, unplayed condition</li>
</ul>",Handmade,Arts & Entertainment > Hobbies & Creative Arts > Musical Instruments > Percussion,Darbuka,"Darbuka, Percussion, Arabic Instruments, densely patterned, diamond, doumbek, emerald, green, middle eastern, star, wood marquetry",true,Title,Default Title,,,,,DRM-15,2200,shopify,1,deny,manual,0.00,,true,true,,https://cdn.jsdelivr.net/gh/Divercitieslb/bob-music-store@main/import/images/DRM-15-01.jpg,1,Emerald Green Darbuka - Densest Marquetry & Star Inlay in the Set — Bob Music Store,false,Emerald Green Darbuka - Densest Marquetry & Star Inlay in…,"This is the showpiece of the batch for sheer density of pattern. An emerald and kelly-green body is wrapped in dark — Bob Music Store, Beirut.",g,active
crackle-paint-darbuka-teal-cream,Crackle-Paint Darbuka - Teal & Cream Marbled Finish,"<p>A teal-and-turquoise body is finished in cream-white crackle paint, giving it a fine marbled veining under a glossy lacquer topcoat rather than any pieced mosaic. The effect reads more like painted ceramic than the shell-inlay pieces elsewhere in this batch.</p><ul>
<li>Crackle-paint veining texture in cream-white over teal/turquoise</li>
<li>Glossy lacquer topcoat</li>
<li>No mosaic or shell inlay</li>
<li>New, unplayed condition</li>
</ul>",Handmade,Arts & Entertainment > Hobbies & Creative Arts > Musical Instruments > Percussion,Darbuka,"Darbuka, Percussion, Arabic Instruments, crackle paint, cream, doumbek, lacquer, middle eastern, no mosaic, teal, turquoise",true,Title,Default Title,,,,,DRM-14,2200,shopify,1,deny,manual,0.00,,true,true,,https://cdn.jsdelivr.net/gh/Divercitieslb/bob-music-store@main/import/images/DRM-14-01.jpg,1,Crackle-Paint Darbuka - Teal & Cream Marbled Finish — Bob Music Store,false,Crackle-Paint Darbuka - Teal & Cream Marbled Finish,"A teal-and-turquoise body is finished in cream-white crackle paint, giving it a fine marbled veining under a glossy lacquer — Bob Music Store, Beirut.",g,active
mosaic-darbuka-navy-yellow-mint-diamond-medallion-sealed,"Mosaic Darbuka - Navy, Yellow & Mint Diamond Medallion","<p>Layered rings do the work on this one: a navy-and-black diamond ring, a yellow inner ring, and a red-and-mint hexagon center stack into a single medallion on a cream-and-beige mother-of-pearl body, with a diagonal blue-and-yellow diamond band finishing the neck. Still wrapped in its original factory plastic film.</p><ul>
<li>Layered medallion of navy/black diamond ring, yellow ring, and red/mint hexagon center</li>
<li>Diagonal blue and yellow diamond mosaic banding on the neck</li>
<li>Cream and beige mother-of-pearl ground</li>
<li>Brand new, still factory-sealed</li>
</ul>",Unbranded,Arts & Entertainment > Hobbies & Creative Arts > Musical Instruments > Percussion,Darbuka,"Darbuka, Percussion, Arabic Instruments, cream, doumbek, factory sealed, middle eastern, mint, mosaic, mother of pearl, navy, new, red, yellow",true,Title,Default Title,,,,,DRM-13,2200,shopify,1,deny,manual,0.00,,true,true,,https://cdn.jsdelivr.net/gh/Divercitieslb/bob-music-store@main/import/images/DRM-13-01.jpg,1,"Mosaic Darbuka - Navy, Yellow & Mint Diamond Medallion — Bob Music Store",false,"Mosaic Darbuka - Navy, Yellow & Mint Diamond Medallion","Layered rings do the work on this one: a navy-and-black diamond ring, a yellow inner ring, and a red-and-mint hexagon center — Bob Music Store, Beirut.",g,active
plain-aluminum-darbuka-brushed-silver-bolt-tuned,"Plain Aluminum Darbuka - Brushed Silver, Bolt-Tuned","<p>No mosaic, no inlay - just polished and brushed aluminum with black plastic rim segments and visible tuning bolts around the head. It's the only plain metal darbuka in the whole batch, built for players who want adjustable tuning over decorative shell work.</p><ul>
<li>Polished/brushed aluminum body, unadorned</li>
<li>Black plastic rim segments with mechanical tuning bolts</li>
<li>No mosaic or inlay of any kind, the only plain metal piece in the batch</li>
<li>New, unplayed condition</li>
</ul>",Handmade,Arts & Entertainment > Hobbies & Creative Arts > Musical Instruments > Percussion,Darbuka,"Darbuka, Percussion, Arabic Instruments, aluminum, bolt tuned, doumbek, metal, middle eastern, minimalist, silver",true,Title,Default Title,,,,,DRM-12,2200,shopify,1,deny,manual,0.00,,true,true,,https://cdn.jsdelivr.net/gh/Divercitieslb/bob-music-store@main/import/images/DRM-12-01.jpg,1,"Plain Aluminum Darbuka - Brushed Silver, Bolt-Tuned — Bob Music Store",false,"Plain Aluminum Darbuka - Brushed Silver, Bolt-Tuned","No mosaic, no inlay - just polished and brushed aluminum with black plastic rim segments and visible tuning bolts around — Bob Music Store, Beirut.",g,active
mosaic-darbuka-red-blue-yellow-star-medallions-sealed,"Mosaic Darbuka - Red, Blue & Yellow Star Medallions","<p>Circular star medallions in red, blue, and yellow sit inside colored diamond rings on this cream darbuka, while a blue crosshatch pattern runs diagonally across the neck. Still factory-sealed and brand new, straight from the box.</p><ul>
<li>Circular star medallions with colored diamond rings</li>
<li>Red, blue, and yellow palette on cream</li>
<li>Blue crosshatch diagonal banding on the neck</li>
<li>Brand new, still factory-sealed</li>
</ul>",Unbranded,Arts & Entertainment > Hobbies & Creative Arts > Musical Instruments > Percussion,Darbuka,"Darbuka, Percussion, Arabic Instruments, blue, cream, doumbek, factory sealed, middle eastern, mosaic, new, red, star medallion, yellow",true,Title,Default Title,,,,,DRM-11,2200,shopify,1,deny,manual,0.00,,true,true,,https://cdn.jsdelivr.net/gh/Divercitieslb/bob-music-store@main/import/images/DRM-11-01.jpg,1,"Mosaic Darbuka - Red, Blue & Yellow Star Medallions — Bob Music Store",false,"Mosaic Darbuka - Red, Blue & Yellow Star Medallions","Circular star medallions in red, blue, and yellow sit inside colored diamond rings on this cream darbuka, while a blue — Bob Music Store, Beirut.",g,active
blue-lacquer-darbuka-wood-tone-marquetry,Blue Lacquer Darbuka - Tan & Purple Wood-Tone Marquetry,"<p>The only blue-lacquered piece in this batch, this darbuka pairs a deep blue body with tan and purple wood-tone marquetry diamond medallions. Purple and tan hexagon banding wraps the neck, tying the two-tone marquetry work together.</p><ul>
<li>Deep blue lacquered body, the only blue lacquer piece in the batch</li>
<li>Tan and purple wood-tone marquetry diamond medallions</li>
<li>Purple/tan hexagon banding on the neck</li>
<li>New, unplayed condition</li>
</ul>",Handmade,Arts & Entertainment > Hobbies & Creative Arts > Musical Instruments > Percussion,Darbuka,"Darbuka, Percussion, Arabic Instruments, blue, doumbek, hexagon banding, lacquer, middle eastern, purple, tan, wood marquetry",true,Title,Default Title,,,,,DRM-10,2200,shopify,1,deny,manual,0.00,,true,true,,https://cdn.jsdelivr.net/gh/Divercitieslb/bob-music-store@main/import/images/DRM-10-01.jpg,1,Blue Lacquer Darbuka - Tan & Purple Wood-Tone Marquetry — Bob Music Store,false,Blue Lacquer Darbuka - Tan & Purple Wood-Tone Marquetry,"The only blue-lacquered piece in this batch, this darbuka pairs a deep blue body with tan and purple wood-tone marquetry — Bob Music Store, Beirut.",g,active
stone-cream-darbuka-vesica-medallions,"Stone-Cream Darbuka - Black, Red & Pale Green Vesica Medallions","<p>A matte, stone-cream body sets off a bold medallion motif of overlapping ovals in a vesica shape, worked in black, red, and pale green. The finish reads as a painted or lacquered surface rather than inlaid shell, giving it a flatter, more graphic look than the mosaic pieces in this batch.</p><ul>
<li>Overlapping oval vesica medallion motif in black, red, and pale green</li>
<li>Matte stone-cream ground</li>
<li>Non-glossy surface finish, distinct from the shell-mosaic pieces</li>
<li>New, unplayed condition</li>
</ul>",Handmade,Arts & Entertainment > Hobbies & Creative Arts > Musical Instruments > Percussion,Darbuka,"Darbuka, Percussion, Arabic Instruments, black, cream, doumbek, green, matte finish, medallion, middle eastern, red, vesica",true,Title,Default Title,,,,,DRM-09,2200,shopify,1,deny,manual,0.00,,true,true,,https://cdn.jsdelivr.net/gh/Divercitieslb/bob-music-store@main/import/images/DRM-09-01.jpg,1,"Stone-Cream Darbuka - Black, Red & Pale Green Vesica Medallions — Bob Music Store",false,"Stone-Cream Darbuka - Black, Red & Pale Green Vesica Meda…","A matte, stone-cream body sets off a bold medallion motif of overlapping ovals in a vesica shape, worked in black, red — Bob Music Store, Beirut.",g,active
mosaic-darbuka-black-yellow-red-star-diamond-sealed,"Mosaic Darbuka - Black, Yellow & Red Star Diamond Panels","<p>Bold star-mosaic diamond medallions in black, yellow, red, and grey stand out against this darbuka's cream body. It's brand new and still factory-sealed, so it comes to you exactly as it left the workshop.</p><ul>
<li>Star-mosaic diamond medallion panels</li>
<li>Black, yellow, red, and grey colorway on cream</li>
<li>Brand new, still factory-sealed</li>
</ul>",Unbranded,Arts & Entertainment > Hobbies & Creative Arts > Musical Instruments > Percussion,Darbuka,"Darbuka, Percussion, Arabic Instruments, black, cream, doumbek, factory sealed, grey, middle eastern, mosaic, new, red, yellow",true,Title,Default Title,,,,,DRM-08,2200,shopify,1,deny,manual,0.00,,true,true,,https://cdn.jsdelivr.net/gh/Divercitieslb/bob-music-store@main/import/images/DRM-08-01.jpg,1,"Mosaic Darbuka - Black, Yellow & Red Star Diamond Panels — Bob Music Store",false,"Mosaic Darbuka - Black, Yellow & Red Star Diamond Panels","Bold star-mosaic diamond medallions in black, yellow, red, and grey stand out against this darbuka's cream body — Bob Music Store, Beirut.",g,active
mosaic-darbuka-ivory-teardrop-flower-medallions,Mosaic Darbuka - Ivory Teardrop Panels & Flower Medallions,"<p>Teardrop and almond-shaped panels frame a series of hexagon flower motifs across this white-and-cream mosaic darbuka, each flower centered with a small red dot. A checkerboard diamond border finishes the edges cleanly.</p><ul>
<li>Teardrop/almond-shaped bordered panel layout</li>
<li>Hexagon flower motifs with red dot centers</li>
<li>Checkerboard diamond border trim</li>
<li>New, unplayed condition</li>
</ul>",Unbranded,Arts & Entertainment > Hobbies & Creative Arts > Musical Instruments > Percussion,Darbuka,"Darbuka, Percussion, Arabic Instruments, checkerboard border, cream, doumbek, floral, middle eastern, mosaic, mother of pearl, white",true,Title,Default Title,,,,,DRM-07,2200,shopify,1,deny,manual,0.00,,true,true,,https://cdn.jsdelivr.net/gh/Divercitieslb/bob-music-store@main/import/images/DRM-07-01.jpg,1,Mosaic Darbuka - Ivory Teardrop Panels & Flower Medallions — Bob Music Store,false,Mosaic Darbuka - Ivory Teardrop Panels & Flower Medallions,"Teardrop and almond-shaped panels frame a series of hexagon flower motifs across this white-and-cream mosaic darbuka, each — Bob Music Store, Beirut.",g,active
mosaic-darbuka-ivory-hexagon-star-lattice-monochrome,"Mosaic Darbuka - Ivory Hexagon-Star Lattice, Monochrome","<p>Where most of this batch leans colorful, this one stays disciplined - white and cream mother-of-pearl set in a dense, small-scale hexagon-star lattice with only black and cream for contrast. A gold coin medallion is the single accent on an otherwise restrained surface.</p><ul>
<li>Dense hexagon-star lattice mosaic, fine-scale piecework</li>
<li>Black, white, and cream palette only, no color accents</li>
<li>Gold coin medallion detail</li>
<li>New, unplayed condition</li>
</ul>",Unbranded,Arts & Entertainment > Hobbies & Creative Arts > Musical Instruments > Percussion,Darbuka,"Darbuka, Percussion, Arabic Instruments, black, cream, doumbek, hexagon, middle eastern, monochrome, mosaic, mother of pearl, white",true,Title,Default Title,,,,,DRM-06,2200,shopify,1,deny,manual,0.00,,true,true,,https://cdn.jsdelivr.net/gh/Divercitieslb/bob-music-store@main/import/images/DRM-06-01.jpg,1,"Mosaic Darbuka - Ivory Hexagon-Star Lattice, Monochrome — Bob Music Store",false,"Mosaic Darbuka - Ivory Hexagon-Star Lattice, Monochrome","Where most of this batch leans colorful, this one stays disciplined - white and cream mother-of-pearl set in a dense — Bob Music Store, Beirut.",g,active
mosaic-darbuka-red-yellow-black-scalloped-petal-sealed,"Mosaic Darbuka - Red, Yellow & Black Scalloped Petal Panels","<p>Scalloped, petal-shaped panels carry a red, yellow, and black diamond mosaic around this cream-bodied darbuka, with diagonal banding wrapping the neck for extra movement. It arrives brand new and still factory-sealed in its original shrink-wrap.</p><ul>
<li>Diamond mosaic in scalloped arch/petal-shaped panels</li>
<li>Red, yellow, and black colorway on a cream ground</li>
<li>Diagonal banding detail on the neck</li>
<li>Brand new, still factory-sealed</li>
</ul>",Unbranded,Arts & Entertainment > Hobbies & Creative Arts > Musical Instruments > Percussion,Darbuka,"Darbuka, Percussion, Arabic Instruments, black, cream, doumbek, factory sealed, middle eastern, mosaic, new, red, scalloped, yellow",true,Title,Default Title,,,,,DRM-05,2200,shopify,1,deny,manual,0.00,,true,true,,https://cdn.jsdelivr.net/gh/Divercitieslb/bob-music-store@main/import/images/DRM-05-01.jpg,1,"Mosaic Darbuka - Red, Yellow & Black Scalloped Petal Panels — Bob Music Store",false,"Mosaic Darbuka - Red, Yellow & Black Scalloped Petal Panels","Scalloped, petal-shaped panels carry a red, yellow, and black diamond mosaic around this cream-bodied darbuka, with diagonal — Bob Music Store, Beirut.",g,active
mosaic-darbuka-ivory-star-medallion-lattice,Mosaic Darbuka - Ivory Star Medallion Lattice,"<p>An ivory and cream mother-of-pearl mosaic covers this darbuka in repeating 6- and 8-point star medallions, set against a cross-and-diamond lattice background that keeps the pattern feeling continuous rather than pieced together.</p><ul>
<li>Repeating 6/8-point star medallion motif</li>
<li>Cross and diamond lattice background pattern</li>
<li>Ivory and cream mother-of-pearl tones</li>
<li>New, unplayed condition</li>
</ul>",Unbranded,Arts & Entertainment > Hobbies & Creative Arts > Musical Instruments > Percussion,Darbuka,"Darbuka, Percussion, Arabic Instruments, cream, doumbek, ivory, lattice, middle eastern, mosaic, mother of pearl, star medallion",true,Title,Default Title,,,,,DRM-04,2200,shopify,1,deny,manual,0.00,,true,true,,https://cdn.jsdelivr.net/gh/Divercitieslb/bob-music-store@main/import/images/DRM-04-01.jpg,1,Mosaic Darbuka - Ivory Star Medallion Lattice — Bob Music Store,false,Mosaic Darbuka - Ivory Star Medallion Lattice,"An ivory and cream mother-of-pearl mosaic covers this darbuka in repeating 6- and 8-point star medallions, set against — Bob Music Store, Beirut.",g,active
mosaic-darbuka-black-white-silver-diamond-checkerboard,"Mosaic Darbuka - Black, White & Silver Diamond Checkerboard","<p>High contrast is the whole point here: a black, white, and silver mother-of-pearl mosaic laid out in a diamond checkerboard that wraps the entire body edge to edge. A gold coin medallion at the base is the only warm note against an otherwise graphic, almost op-art surface.</p><ul>
<li>Full-body diamond checkerboard mosaic with no gaps in coverage</li>
<li>Black, white, and silver mother-of-pearl tones</li>
<li>Gold coin medallion at the base</li>
<li>New, unplayed condition</li>
</ul>",Unbranded,Arts & Entertainment > Hobbies & Creative Arts > Musical Instruments > Percussion,Darbuka,"Darbuka, Percussion, Arabic Instruments, black, checkerboard, diamond pattern, doumbek, middle eastern, mosaic, mother of pearl, silver, white",true,Title,Default Title,,,,,DRM-03,2200,shopify,1,deny,manual,0.00,,true,true,,https://cdn.jsdelivr.net/gh/Divercitieslb/bob-music-store@main/import/images/DRM-03-01.jpg,1,"Mosaic Darbuka - Black, White & Silver Diamond Checkerboard — Bob Music Store",false,"Mosaic Darbuka - Black, White & Silver Diamond Checkerboard","High contrast is the whole point here: a black, white, and silver mother-of-pearl mosaic laid out in a diamond checkerboard — Bob Music Store, Beirut.",g,active
wood-marquetry-darbuka-walnut-chevron-checkerboard,Wood Marquetry Darbuka - Walnut Chevron & Checkerboard,"<p>This darbuka trades the usual shell mosaic for genuine wood marquetry - walnut-toned veneer panels laid in a chevron and herringbone pattern under a glossy lacquer finish. A checkerboard inlay panel breaks up the neck for a tailored, furniture-grade look.</p><ul>
<li>Walnut-tone wood marquetry body, not shell mosaic</li>
<li>Chevron and herringbone veneer panel work</li>
<li>Checkerboard inlay accent panel on the neck</li>
<li>Glossy lacquer topcoat</li>
<li>New, unplayed condition</li>
</ul>",Handmade,Arts & Entertainment > Hobbies & Creative Arts > Musical Instruments > Percussion,Darbuka,"Darbuka, Percussion, Arabic Instruments, chevron, doumbek, handmade, herringbone, lacquered, middle eastern, walnut, wood marquetry",true,Title,Default Title,,,,,DRM-02,2200,shopify,1,deny,manual,0.00,,true,true,,https://cdn.jsdelivr.net/gh/Divercitieslb/bob-music-store@main/import/images/DRM-02-01.jpg,1,Wood Marquetry Darbuka - Walnut Chevron & Checkerboard — Bob Music Store,false,Wood Marquetry Darbuka - Walnut Chevron & Checkerboard,"This darbuka trades the usual shell mosaic for genuine wood marquetry - walnut-toned veneer panels laid in a chevron — Bob Music Store, Beirut.",g,active
mosaic-darbuka-cream-gold-star-medallions,Mosaic Darbuka - Cream & Gold Star Medallions,"<p>A cream-and-gold darbuka built around two circular star medallions, each centered on a deep red hexagon that anchors the design. A gold coin medallion sits at the base where the body narrows, echoing the warm metallic tone throughout.</p><ul>
<li>Mother-of-pearl mosaic shell over a cream and gold ground</li>
<li>Two matching circular star medallions with red hexagon centers</li>
<li>Gold coin medallion detail at the base</li>
<li>New, unplayed condition</li>
</ul>",Unbranded,Arts & Entertainment > Hobbies & Creative Arts > Musical Instruments > Percussion,Darbuka,"Darbuka, Percussion, Arabic Instruments, cream, doumbek, gold, hand drum, middle eastern, mosaic, mother of pearl, star medallion",true,Title,Default Title,,,,,DRM-01,2200,shopify,1,deny,manual,0.00,,true,true,,https://cdn.jsdelivr.net/gh/Divercitieslb/bob-music-store@main/import/images/DRM-01-01.jpg,1,Mosaic Darbuka - Cream & Gold Star Medallions — Bob Music Store,false,Mosaic Darbuka - Cream & Gold Star Medallions,"A cream-and-gold darbuka built around two circular star medallions, each centered on a deep red hexagon that anchors the design — Bob Music Store, Beirut.",g,active
dorazio-aud-oud-strings-silver-plated,D'Orazio AUD Oud String Set — Silver-Plated Wound,"<p>D'Orazio (Italy) ""AUD"" oud string set — silver-plated wound, 6-course. Italian-made strings for the Arabic oud, from a house making strings since 1859.</p><ul>
<li>6-course oud set</li>
<li>Silver-plated wound</li>
<li>Made in Italy</li>
</ul>",D'Orazio,Arts & Entertainment > Hobbies & Creative Arts > Musical Instrument & Orchestra Accessories,Oud Strings,"Oud & Saz Strings, Strings & Accessories, Arabic Instruments, italian, middle eastern, oud, strings",true,Title,Default Title,,,,,STR-25,70,shopify,1,deny,manual,0.00,,true,true,,https://cdn.jsdelivr.net/gh/Divercitieslb/bob-music-store@main/import/images/STR-25-01.jpg,1,D'Orazio AUD Oud String Set — Silver-Plated Wound — Bob Music Store,false,D'Orazio AUD Oud String Set — Silver-Plated Wound,"D'Orazio (Italy) ""AUD"" oud string set — silver-plated wound, 6-course — Bob Music Store, Beirut.",g,active
dorazio-set-460-electric-bass-strings-5-string,"D'Orazio Set 460 Electric Bass Strings — 5-String, Pure Nickel","<p>D'Orazio (Italy, since 1859) Set 460 for 5-string electric bass: round wound pure nickel, long scale, gauges .045 .065 .080 .100 .130. Warm vintage-voiced nickel from Italy's historic string maker.</p><ul>
<li>5-string electric bass set, long scale</li>
<li>Pure nickel, round wound, 045-130</li>
<li>Made in Italy</li>
</ul>",D'Orazio,Arts & Entertainment > Hobbies & Creative Arts > Musical Instrument & Orchestra Accessories,Bass Strings,"Violin & Bass Strings, Strings & Accessories, 5 string, bass, electric bass, italian, strings",true,Title,Default Title,,,,,STR-24,140,shopify,1,deny,manual,0.00,,true,true,,https://cdn.jsdelivr.net/gh/Divercitieslb/bob-music-store@main/import/images/STR-24-01.jpg,1,"D'Orazio Set 460 Electric Bass Strings — 5-String, Pure Nickel — Bob Music Store",false,"D'Orazio Set 460 Electric Bass Strings — 5-String, Pure N…","D'Orazio (Italy, since 1859) Set 460 for 5-string electric bass: round wound pure nickel, long scale, gauges .045 .065 .080 — Bob Music Store, Beirut.",g,active
dorazio-set-68-acoustic-bass-strings-5-string,"D'Orazio Set 68 Acoustic Bass Strings — 5-String, Bronze Wound","<p>D'Orazio (Italy, since 1859) Set 68 for 5-string acoustic bass: bronze wound, long scale, gauges .040 .060 .075 .100 .125. New old stock from a storied Italian string house.</p><ul>
<li>5-string acoustic bass set, long scale</li>
<li>Bronze wound, gauges 040-125</li>
<li>Made in Italy</li>
</ul>",D'Orazio,Arts & Entertainment > Hobbies & Creative Arts > Musical Instrument & Orchestra Accessories,Bass Strings,"Violin & Bass Strings, Strings & Accessories, 5 string, acoustic bass, bass, italian, strings",true,Title,Default Title,,,,,STR-23,140,shopify,1,deny,manual,0.00,,true,true,,https://cdn.jsdelivr.net/gh/Divercitieslb/bob-music-store@main/import/images/STR-23-01.jpg,1,"D'Orazio Set 68 Acoustic Bass Strings — 5-String, Bronze Wound — Bob Music Store",false,"D'Orazio Set 68 Acoustic Bass Strings — 5-String, Bronze …","D'Orazio (Italy, since 1859) Set 68 for 5-string acoustic bass: bronze wound, long scale, gauges .040 .060 .075 .100 .125 — Bob Music Store, Beirut.",g,active
bws-ukulele-strings,BWS Ukulele String Set,"<p>BWS ukulele string set in a simple kraft envelope — an affordable fresh set for soprano/concert ukulele.</p><ul>
<li>Full ukulele set</li>
<li>Budget-friendly</li>
</ul>",BWS,Arts & Entertainment > Hobbies & Creative Arts > Musical Instrument & Orchestra Accessories,Ukulele Strings,"Oud & Saz Strings, Strings & Accessories, strings, ukulele",true,Title,Default Title,,,,,STR-22,40,shopify,1,deny,manual,0.00,,true,true,,https://cdn.jsdelivr.net/gh/Divercitieslb/bob-music-store@main/import/images/STR-22-01.jpg,1,BWS Ukulele String Set — Bob Music Store,false,BWS Ukulele String Set,"BWS ukulele string set in a simple kraft envelope — an affordable fresh set for soprano/concert ukulele — Bob Music Store, Beirut.",g,active
pyramid-pbs-saz-strings-extra-light,"Pyramid PBS Saz Strings — Extra Light, Nickel Wound (Made in Germany)","<p>Pyramid PBS saz set — high-grade steel with nickel winding, extra light tension, made in Germany. Bright response and long life for bağlama/saz.</p><ul>
<li>Extra light saz set</li>
<li>High-grade steel, nickel wound</li>
<li>Made in Germany by Pyramid</li>
</ul>",Pyramid,Arts & Entertainment > Hobbies & Creative Arts > Musical Instrument & Orchestra Accessories,Saz Strings,"Oud & Saz Strings, Strings & Accessories, Arabic Instruments, baglama, german, pyramid, saz, strings",true,Title,Default Title,,,,,STR-21,60,shopify,1,deny,manual,0.00,,true,true,,https://cdn.jsdelivr.net/gh/Divercitieslb/bob-music-store@main/import/images/STR-21-01.jpg,1,"Pyramid PBS Saz Strings — Extra Light, Nickel Wound (Made in Germany) — Bob Music Store",false,"Pyramid PBS Saz Strings — Extra Light, Nickel Wound (Made…","Pyramid PBS saz set — high-grade steel with nickel winding, extra light tension, made in Germany — Bob Music Store, Beirut.",g,active
pyramid-baglama-strings-7-string-020,"Pyramid Bağlama Strings — 7-String Set, 0.20 (Made in Germany)","<p>Pyramid of Germany 7-string bağlama set, 0.20 gauge — tinned-steel plains with silver-plated copper wound strings from one of Europe's oldest string makers. The premium choice for saz players.</p><ul>
<li>7-string bağlama set, 0.20</li>
<li>Made in Germany by Pyramid</li>
<li>Tinned steel + silver-plated copper wound</li>
</ul>",Pyramid,Arts & Entertainment > Hobbies & Creative Arts > Musical Instrument & Orchestra Accessories,Saz Strings,"Oud & Saz Strings, Strings & Accessories, Arabic Instruments, baglama, german, pyramid, saz, strings",true,Title,Default Title,,,,,STR-20,60,shopify,1,deny,manual,0.00,,true,true,,https://cdn.jsdelivr.net/gh/Divercitieslb/bob-music-store@main/import/images/STR-20-01.jpg,1,"Pyramid Bağlama Strings — 7-String Set, 0.20 (Made in Germany) — Bob Music Store",false,"Pyramid Bağlama Strings — 7-String Set, 0.20 (Made in Ger…","Pyramid of Germany 7-string bağlama set, 0.20 gauge — tinned-steel plains with silver-plated copper wound strings from one — Bob Music Store, Beirut.",g,active
yusuf-muzik-cogur-saz-strings,"Çoğur Saz String Set — Yusuf Müzik, 0.20/0.30","<p>String set for the çoğur (a member of the bağlama/saz family) by Yusuf Müzik of Qamışlo — set gauges 0.20/0.30. A specialist regional item you won't find in mainstream shops.</p><ul>
<li>Çoğur set, 0.20/0.30</li>
<li>For çoğur/saz family instruments</li>
</ul>",Yusuf Müzik,Arts & Entertainment > Hobbies & Creative Arts > Musical Instrument & Orchestra Accessories,Saz Strings,"Oud & Saz Strings, Strings & Accessories, Arabic Instruments, cogur, kurdish, saz, strings, traditional",true,Title,Default Title,,,,,STR-19,60,shopify,1,deny,manual,0.00,,true,true,,https://cdn.jsdelivr.net/gh/Divercitieslb/bob-music-store@main/import/images/STR-19-01.jpg,1,"Çoğur Saz String Set — Yusuf Müzik, 0.20/0.30 — Bob Music Store",false,"Çoğur Saz String Set — Yusuf Müzik, 0.20/0.30","String set for the çoğur (a member of the bağlama/saz family) by Yusuf Müzik of Qamışlo — set gauges 0.20/0.30 — Bob Music Store, Beirut.",g,active
masterwork-saz-strings-020,Masterwork Saz Strings — 0.20 Set,"<p>Masterwork (Turkey) bağlama/saz string set, 0.20 gauge — a trusted Turkish brand carried by international world-music retailers.</p><ul>
<li>0.20 gauge set</li>
<li>For bağlama/saz</li>
<li>Turkish brand, internationally distributed</li>
</ul>",Masterwork,Arts & Entertainment > Hobbies & Creative Arts > Musical Instrument & Orchestra Accessories,Saz Strings,"Oud & Saz Strings, Strings & Accessories, Arabic Instruments, baglama, saz, strings, traditional, turkish",true,Title,Default Title,,,,,STR-18,60,shopify,1,deny,manual,0.00,,true,true,,https://cdn.jsdelivr.net/gh/Divercitieslb/bob-music-store@main/import/images/STR-18-01.jpg,1,Masterwork Saz Strings — 0.20 Set — Bob Music Store,false,Masterwork Saz Strings — 0.20 Set,"Masterwork (Turkey) bağlama/saz string set, 0.20 gauge — a trusted Turkish brand carried by international world-music retailers — Bob Music Store, Beirut.",g,active
mega-music-baglama-strings-020,Mega Music Bağlama (Saz) Strings — Professional 0.20,"<p>Professional bağlama (saz) string set from Mega Music Center, Istanbul — 0.20 gauge, the standard for long-neck bağlama.</p><ul>
<li>0.20 gauge set</li>
<li>For long-neck bağlama/saz</li>
<li>Turkish-made</li>
</ul>",Mega Music Center,Arts & Entertainment > Hobbies & Creative Arts > Musical Instrument & Orchestra Accessories,Saz Strings,"Oud & Saz Strings, Strings & Accessories, Arabic Instruments, baglama, saz, strings, traditional, turkish",true,Title,Default Title,,,,,STR-17,60,shopify,1,deny,manual,0.00,,true,true,,https://cdn.jsdelivr.net/gh/Divercitieslb/bob-music-store@main/import/images/STR-17-01.jpg,1,Mega Music Bağlama (Saz) Strings — Professional 0.20 — Bob Music Store,false,Mega Music Bağlama (Saz) Strings — Professional 0.20,"Professional bağlama (saz) string set from Mega Music Center, Istanbul — 0.20 gauge, the standard for long-neck bağlama — Bob Music Store, Beirut.",g,active
alice-ae535-colourful-coated-electric-strings,"Alice AE535 Electric Strings — Colourful Coated, Super Light","<p>Alice AE535 ""Colourful Strings"": rainbow-coated electric set (super light 09-42) over a hex high-carbon steel core — the color coating doubles as rust protection, and it looks amazing on stage.</p><ul>
<li>Multicolor coated set, super light 09-42</li>
<li>Coated copper-alloy wound, hex steel core</li>
<li>Anti-rust color coating</li>
</ul>",Alice,Arts & Entertainment > Hobbies & Creative Arts > Musical Instrument & Orchestra Accessories,Guitar Strings,"Guitar Strings, Strings & Accessories, alice, coated, colored, electric guitar, strings",true,Title,Default Title,,,,,STR-16,90,shopify,1,deny,manual,0.00,,true,true,,https://cdn.jsdelivr.net/gh/Divercitieslb/bob-music-store@main/import/images/STR-16-01.jpg,1,"Alice AE535 Electric Strings — Colourful Coated, Super Light — Bob Music Store",false,"Alice AE535 Electric Strings — Colourful Coated, Super Light","Alice AE535 ""Colourful Strings"": rainbow-coated electric set (super light 09-42) over a hex high-carbon steel core — the color — Bob Music Store, Beirut.",g,active
orphee-nx36-classical-strings,"Orphee NX36 Classical Strings — Nylon, Silver Wound, Normal Tension","<p>Orphee NX36 classical set: high-quality nylon trebles with silver-jacketed wound basses, normal tension (gauges 28-43). Warm and balanced for classical and Arabic-style playing.</p><ul>
<li>Nylon + silver-wound, normal tension</li>
<li>Gauges 28-43</li>
<li>For classical/nylon guitar</li>
</ul>",Orphee,Arts & Entertainment > Hobbies & Creative Arts > Musical Instrument & Orchestra Accessories,Guitar Strings,"Guitar Strings, Strings & Accessories, classical guitar, nylon, strings",true,Title,Default Title,,,,,STR-15,90,shopify,1,deny,manual,0.00,,true,true,,https://cdn.jsdelivr.net/gh/Divercitieslb/bob-music-store@main/import/images/STR-15-01.jpg,1,"Orphee NX36 Classical Strings — Nylon, Silver Wound, Normal Tension — Bob Music Store",false,"Orphee NX36 Classical Strings — Nylon, Silver Wound, Norm…","Orphee NX36 classical set: high-quality nylon trebles with silver-jacketed wound basses, normal tension (gauges 28-43) — Bob Music Store, Beirut.",g,active
alice-a206c-red-acoustic-strings,Alice A206C Acoustic Strings — Red Coated,"<p>Alice A206C ""Red Strings"" — steel-core acoustic guitar set with red-tinted winding for a distinctive look on stage. Packaged in a resealable pouch with an authenticity scratch-code.</p><ul>
<li>Red-colored acoustic set</li>
<li>Steel core, copper-alloy wound</li>
<li>For steel-string acoustic guitar</li>
</ul>",Alice,Arts & Entertainment > Hobbies & Creative Arts > Musical Instrument & Orchestra Accessories,Guitar Strings,"Guitar Strings, Strings & Accessories, acoustic guitar, alice, colored, strings",true,Title,Default Title,,,,,STR-14,90,shopify,1,deny,manual,0.00,,true,true,,https://cdn.jsdelivr.net/gh/Divercitieslb/bob-music-store@main/import/images/STR-14-01.jpg,1,Alice A206C Acoustic Strings — Red Coated — Bob Music Store,false,Alice A206C Acoustic Strings — Red Coated,"Alice A206C ""Red Strings"" — steel-core acoustic guitar set with red-tinted winding for a distinctive look on stage — Bob Music Store, Beirut.",g,active
lucky-star-st3050r-electric-strings,"Lucky Star ST3050R Electric Strings — Nickel-Plated, .009-.040","<p>Lucky Star ST3050R nickel-plated steel electric set, standard tension bullet-end style, gauges .009-.040. Budget-friendly strings for S-style guitars.</p><ul>
<li>Gauges: .009-.040</li>
<li>Nickel-plated steel</li>
<li>Bullet-end style</li>
</ul>",Lucky Star,Arts & Entertainment > Hobbies & Creative Arts > Musical Instrument & Orchestra Accessories,Guitar Strings,"Guitar Strings, Strings & Accessories, budget, electric guitar, strings",true,Title,Default Title,,,,,STR-13,90,shopify,1,deny,manual,0.00,,true,true,,https://cdn.jsdelivr.net/gh/Divercitieslb/bob-music-store@main/import/images/STR-13-01.jpg,1,"Lucky Star ST3050R Electric Strings — Nickel-Plated, .009-.040 — Bob Music Store",false,"Lucky Star ST3050R Electric Strings — Nickel-Plated, .009…","Lucky Star ST3050R nickel-plated steel electric set, standard tension bullet-end style, gauges .009-.040 — Bob Music Store, Beirut.",g,active
daddario-exl120-electric-strings-super-light,"D'Addario EXL120 Electric Strings — Nickel Wound, Super Light .009-.042","<p>The classic D'Addario EXL120 — XL Nickel Wound, super light gauge (.009 .011 .016 .024 .032 .042). Bright, bend-friendly, and one of the world's best-selling electric sets.</p><ul>
<li>Gauges: .009-.042 (super light)</li>
<li>Nickel wound, round wound</li>
<li>For electric guitar</li>
</ul>",D'Addario,Arts & Entertainment > Hobbies & Creative Arts > Musical Instrument & Orchestra Accessories,Guitar Strings,"Guitar Strings, Strings & Accessories, daddario, electric guitar, strings",true,Title,Default Title,,,,,STR-12,90,shopify,1,deny,manual,0.00,,true,true,,https://cdn.jsdelivr.net/gh/Divercitieslb/bob-music-store@main/import/images/STR-12-01.jpg,1,"D'Addario EXL120 Electric Strings — Nickel Wound, Super Light .009-.042 — Bob Music Store",false,"D'Addario EXL120 Electric Strings — Nickel Wound, Super L…","The classic D'Addario EXL120 — XL Nickel Wound, super light gauge (.009 .011 .016 .024 .032 .042) — Bob Music Store, Beirut.",g,active
alice-a506-electric-guitar-strings,Alice A506 Electric Guitar Strings — Nickel Wound,"<p>Alice A506 electric guitar set with nickel-plated alloy winding — a dependable budget set for everyday playing (super light 09-42 / light 10-46 versions exist; see packet).</p><ul>
<li>Nickel-plated alloy wound</li>
<li>For electric guitar</li>
<li>Authenticity scratch-code on packet</li>
</ul>",Alice,Arts & Entertainment > Hobbies & Creative Arts > Musical Instrument & Orchestra Accessories,Guitar Strings,"Guitar Strings, Strings & Accessories, alice, electric guitar, strings",true,Title,Default Title,,,,,STR-11,90,shopify,1,deny,manual,0.00,,true,true,,https://cdn.jsdelivr.net/gh/Divercitieslb/bob-music-store@main/import/images/STR-11-01.jpg,1,Alice A506 Electric Guitar Strings — Nickel Wound — Bob Music Store,false,Alice A506 Electric Guitar Strings — Nickel Wound,"Alice A506 electric guitar set with nickel-plated alloy winding — a dependable budget set for everyday playing (super light — Bob Music Store, Beirut.",g,active
spock-sd110-oud-strings-12-string,Spock SD110 Oud Strings — 12-String Set,"<p>Spock SD110 professional oud set for 12-string ouds: clear nylon trebles with silver-plated copper wound basses.</p><ul>
<li>12-string oud set</li>
<li>Clear nylon + silver-plated copper wound</li>
</ul>",Spock,Arts & Entertainment > Hobbies & Creative Arts > Musical Instrument & Orchestra Accessories,Oud Strings,"Oud & Saz Strings, Strings & Accessories, Arabic Instruments, middle eastern, oud, strings",true,Title,Default Title,,,,,STR-10,70,shopify,1,deny,manual,0.00,,true,true,,https://cdn.jsdelivr.net/gh/Divercitieslb/bob-music-store@main/import/images/STR-10-01.jpg,1,Spock SD110 Oud Strings — 12-String Set — Bob Music Store,false,Spock SD110 Oud Strings — 12-String Set,"Spock SD110 professional oud set for 12-string ouds: clear nylon trebles with silver-plated copper wound basses — Bob Music Store, Beirut.",g,active
emre-cumbus-string-set-istanbul,"Cümbüş String Set — Emre Saz ve Müzik Evi, Istanbul","<p>Complete cümbüş string set (""Bir Takım Cümbüş Teli"") from Emre Saz ve Müzik Evi of İsa Gökçe, Galip Dede Caddesi, Istanbul — the historic music-shop street of Beyoğlu. For the Turkish banjo-like cümbüş.</p><ul>
<li>Full cümbüş set</li>
<li>From a traditional Istanbul music house</li>
</ul>",Emre Müzik,Arts & Entertainment > Hobbies & Creative Arts > Musical Instrument & Orchestra Accessories,Instrument Strings,"Oud & Saz Strings, Strings & Accessories, Arabic Instruments, cumbus, strings, traditional, turkish",true,Title,Default Title,,,,,STR-09,60,shopify,1,deny,manual,0.00,,true,true,,https://cdn.jsdelivr.net/gh/Divercitieslb/bob-music-store@main/import/images/STR-09-01.jpg,1,"Cümbüş String Set — Emre Saz ve Müzik Evi, Istanbul — Bob Music Store",false,"Cümbüş String Set — Emre Saz ve Müzik Evi, Istanbul","Complete cümbüş string set (""Bir Takım Cümbüş Teli"") from Emre Saz ve Müzik Evi of İsa Gökçe, Galip Dede Caddesi, Istanbul  — Bob Music Store, Beirut.",g,active
yamaha-cs28-classical-single-string,Yamaha CS28 Classical Guitar Single String — .028 Silver Wound,"<p>Yamaha CS28 single classical guitar string — .028 gauge, normal tension, silver wound. The right spare when you only need one.</p><ul>
<li>Single string, .028 normal tension</li>
<li>Silver wound</li>
<li>For classical/nylon guitar</li>
</ul>",Yamaha,Arts & Entertainment > Hobbies & Creative Arts > Musical Instrument & Orchestra Accessories,Guitar Strings,"Guitar Strings, Strings & Accessories, classical guitar, single string, strings, yamaha",true,Title,Default Title,,,,,STR-08,90,shopify,1,deny,manual,0.00,,true,true,,https://cdn.jsdelivr.net/gh/Divercitieslb/bob-music-store@main/import/images/STR-08-01.jpg,1,Yamaha CS28 Classical Guitar Single String — .028 Silver Wound — Bob Music Store,false,Yamaha CS28 Classical Guitar Single String — .028 Silver …,"Yamaha CS28 single classical guitar string — .028 gauge, normal tension, silver wound — Bob Music Store, Beirut.",g,active
alice-ac106-classical-guitar-strings,"Alice AC106 Classical Guitar Strings — Clear Nylon, Silver Wound","<p>Alice AC106 classical set: clear nylon trebles with silver-plated copper wound basses and anti-rust coating. Smooth, warm nylon tone at a beginner-friendly price.</p><ul>
<li>Clear nylon trebles</li>
<li>Silver-plated copper wound basses, anti-rust coating</li>
<li>For classical/nylon guitar</li>
</ul>",Alice,Arts & Entertainment > Hobbies & Creative Arts > Musical Instrument & Orchestra Accessories,Guitar Strings,"Guitar Strings, Strings & Accessories, alice, classical guitar, nylon, strings",true,Title,Default Title,,,,,STR-07,90,shopify,1,deny,manual,0.00,,true,true,,https://cdn.jsdelivr.net/gh/Divercitieslb/bob-music-store@main/import/images/STR-07-01.jpg,1,"Alice AC106 Classical Guitar Strings — Clear Nylon, Silver Wound — Bob Music Store",false,"Alice AC106 Classical Guitar Strings — Clear Nylon, Silve…","Alice AC106 classical set: clear nylon trebles with silver-plated copper wound basses and anti-rust coating — Bob Music Store, Beirut.",g,active
spock-s122-violin-strings-cupronickel,Spock S122 Violin String Set — Cupronickel Wound,"<p>Spock S122 professional violin set: steel core, nickel-silver wound E-A-D-G (gauges .010/.014/.021/.028), individually wrapped, fits 1/8-4/4 violins.</p><ul>
<li>Full E-A-D-G set, individually wrapped</li>
<li>Steel core, cupronickel/nickel-silver wound</li>
<li>Fits 1/8-4/4</li>
</ul>",Spock,Arts & Entertainment > Hobbies & Creative Arts > Musical Instrument & Orchestra Accessories,Violin Strings,"Violin & Bass Strings, Strings & Accessories, strings, violin",true,Title,Default Title,,,,,STR-06,60,shopify,1,deny,manual,0.00,,true,true,,https://cdn.jsdelivr.net/gh/Divercitieslb/bob-music-store@main/import/images/STR-06-01.jpg,1,Spock S122 Violin String Set — Cupronickel Wound — Bob Music Store,false,Spock S122 Violin String Set — Cupronickel Wound,"Spock S122 professional violin set: steel core, nickel-silver wound E-A-D-G (gauges .010/.014/.021/.028), individually wrapped — Bob Music Store, Beirut.",g,active
lucky-star-mn12-acoustic-strings,Lucky Star MN12 Acoustic Guitar Strings — Super Light .012,"<p>Lucky Star MN12 super light acoustic guitar set starting at .012 — an affordable everyday set for steel-string acoustics.</p><ul>
<li>Super light gauge (.012 set)</li>
<li>For steel-string acoustic guitar</li>
</ul>",Lucky Star,Arts & Entertainment > Hobbies & Creative Arts > Musical Instrument & Orchestra Accessories,Guitar Strings,"Guitar Strings, Strings & Accessories, acoustic guitar, budget, strings",true,Title,Default Title,,,,,STR-05,90,shopify,1,deny,manual,0.00,,true,true,,https://cdn.jsdelivr.net/gh/Divercitieslb/bob-music-store@main/import/images/STR-05-01.jpg,1,Lucky Star MN12 Acoustic Guitar Strings — Super Light .012 — Bob Music Store,false,Lucky Star MN12 Acoustic Guitar Strings — Super Light .012,"Lucky Star MN12 super light acoustic guitar set starting at .012 — an affordable everyday set for steel-string acoustics — Bob Music Store, Beirut.",g,active
alice-aod11-oud-strings-11-string,"Alice AOD11 Oud Strings — 11-String Set, Silver-Plated Copper","<p>Alice AOD11 complete 11-string oud set: clear nylon trebles with silver-plated copper alloy wound basses (.022-.041) and anti-rust coating. Warm, mellow tone — the go-to affordable set for oud players.</p><ul>
<li>11-string oud set (G-D-A-E-B-F courses)</li>
<li>Clear nylon + silver-plated copper wound</li>
<li>Anti-rust coating</li>
<li>Authenticity scratch-code on packet</li>
</ul>",Alice,Arts & Entertainment > Hobbies & Creative Arts > Musical Instrument & Orchestra Accessories,Oud Strings,"Oud & Saz Strings, Strings & Accessories, Arabic Instruments, alice, middle eastern, oud, strings",true,Title,Default Title,,,,,STR-04,70,shopify,1,deny,manual,0.00,,true,true,,https://cdn.jsdelivr.net/gh/Divercitieslb/bob-music-store@main/import/images/STR-04-01.jpg,1,"Alice AOD11 Oud Strings — 11-String Set, Silver-Plated Copper — Bob Music Store",false,"Alice AOD11 Oud Strings — 11-String Set, Silver-Plated Co…","Alice AOD11 complete 11-string oud set: clear nylon trebles with silver-plated copper alloy wound basses (.022-.041) — Bob Music Store, Beirut.",g,active
alice-a703-violin-strings,"Alice A703 Violin String Set — Steel Core, Nickel Wound","<p>Alice A703 full violin set (E-A-D-G): steel core with cupronickel winding and nickel-plated ball ends. Bright, dependable student strings that fit all sizes 1/8 to 4/4.</p><ul>
<li>Full E-A-D-G set</li>
<li>Steel core, cupronickel wound</li>
<li>Fits 1/8-4/4 violins</li>
</ul>",Alice,Arts & Entertainment > Hobbies & Creative Arts > Musical Instrument & Orchestra Accessories,Violin Strings,"Violin & Bass Strings, Strings & Accessories, alice, strings, violin",true,Title,Default Title,,,,,STR-03,60,shopify,1,deny,manual,0.00,,true,true,,https://cdn.jsdelivr.net/gh/Divercitieslb/bob-music-store@main/import/images/STR-03-01.jpg,1,"Alice A703 Violin String Set — Steel Core, Nickel Wound — Bob Music Store",false,"Alice A703 Violin String Set — Steel Core, Nickel Wound","Alice A703 full violin set (E-A-D-G): steel core with cupronickel winding and nickel-plated ball ends — Bob Music Store, Beirut.",g,active
fender-60xl-phosphor-bronze-acoustic-strings,"Fender 60XL Acoustic Strings — Phosphor Bronze, Extra Light .010-.048","<p>Fender 60XL phosphor bronze acoustic set in extra light gauges (.010 .014 .022 .030 .040 .048) — warm, bright tone with easy playability. Ball-end.</p><ul>
<li>Gauges: .010-.048 (extra light)</li>
<li>Phosphor bronze wound</li>
<li>For steel-string acoustic guitar</li>
</ul>",Fender,Arts & Entertainment > Hobbies & Creative Arts > Musical Instrument & Orchestra Accessories,Guitar Strings,"Guitar Strings, Strings & Accessories, acoustic guitar, fender, phosphor bronze, strings",true,Title,Default Title,,,,,STR-02,90,shopify,1,deny,manual,0.00,,true,true,,https://cdn.jsdelivr.net/gh/Divercitieslb/bob-music-store@main/import/images/STR-02-01.jpg,1,"Fender 60XL Acoustic Strings — Phosphor Bronze, Extra Light .010-.048 — Bob Music Store",false,"Fender 60XL Acoustic Strings — Phosphor Bronze, Extra Lig…","Fender 60XL phosphor bronze acoustic set in extra light gauges (.010 .014 .022 .030 .040 .048) — warm, bright tone with easy — Bob Music Store, Beirut.",g,active
trigger-capo-guitar-ukulele,Trigger Capo — for Guitar & Ukulele (Assorted Colors),"<p>Spring-loaded trigger capo for acoustic/electric guitar and ukulele — clamp on, move keys instantly, one-hand operation. Available in assorted colors (orange, silver, red, blue, black).</p><ul>
<li>Universal trigger (spring-clamp) design</li>
<li>Fits guitar and ukulele</li>
<li>Assorted colors — tell us your preference at checkout</li>
</ul>",Generic,Arts & Entertainment > Hobbies & Creative Arts > Musical Instrument & Orchestra Accessories,Capo,"Tuners & Pickups, Strings & Accessories, accessory, capo, guitar, ukulele",true,Title,Default Title,,,,,STR-01,70,shopify,1,deny,manual,0.00,,true,true,,https://cdn.jsdelivr.net/gh/Divercitieslb/bob-music-store@main/import/images/STR-01-01.jpg,1,Trigger Capo — for Guitar & Ukulele (Assorted Colors) — Bob Music Store,false,Trigger Capo — for Guitar & Ukulele (Assorted Colors),"Spring-loaded trigger capo for acoustic/electric guitar and ukulele — clamp on, move keys instantly, one-hand operation — Bob Music Store, Beirut.",g,active
scandalli-small-piano-accordion-gold-grille,Scandalli Small Piano Accordion — Gold Fabric Grille (Vintage),"<p>Compact vintage Scandalli — the storied Camerano house whose name is synonymous with Italian accordion quality — with a gold woven-fabric grille panel, brass register buttons and a red-and-gold shield crest. Around 25-26 keys: a student/travel size from the brand's mid-century golden era.</p><ul>
<li>Scandalli, made in Italy</li>
<li>Compact size (~25-26 keys)</li>
<li>Gold fabric grille, shield crest badge</li>
<li>2 brass register buttons</li>
<li>Vintage condition: yellowed keys, worn grille fabric — see photos; sold as-is</li>
</ul>",Scandalli,Arts & Entertainment > Hobbies & Creative Arts > Musical Instruments > Accordions & Concertinas,Piano Accordion,"Piano Accordions, Accordions, Vintage & Collectible, accordion, italian, piano accordion, scandalli, student, vintage",true,Title,Default Title,,,,,ACC-21,9500,shopify,1,deny,manual,0.00,,true,true,,https://cdn.jsdelivr.net/gh/Divercitieslb/bob-music-store@main/import/images/ACC-21-01.jpg,1,Scandalli Small Piano Accordion — Gold Fabric Grille (Vintage) — Bob Music Store,false,Scandalli Small Piano Accordion — Gold Fabric Grille (Vin…,"Compact vintage Scandalli — the storied Camerano house whose name is synonymous with Italian accordion quality — with a gold — Bob Music Store, Beirut.",g,active
piano-accordion-black-scroll-grille-crest,"Piano Accordion — Black, Ornate Scroll Grille with Crest (Vintage)","<p>Full-size vintage piano accordion in gloss black with a beautiful butterfly/scroll-work grille over silver mesh, centered on a shield badge with a colorful lion crest. A full row of register rockers (~11) behind the 41-key treble side. Cursive maker's script consistent with Weltmeister.</p><ul>
<li>Full size: ~41 keys</li>
<li>Ornate scrollwork grille over silver mesh</li>
<li>Shield crest badge, ~11 treble registers</li>
<li>Vintage condition: dusty, key wear — see photos</li>
<li>Sold as-is</li>
</ul>",Weltmeister,Arts & Entertainment > Hobbies & Creative Arts > Musical Instruments > Accordions & Concertinas,Piano Accordion,"Piano Accordions, Accordions, Vintage & Collectible, accordion, black, piano accordion, vintage",true,Title,Default Title,,,,,ACC-20,9500,shopify,1,deny,manual,0.00,,true,true,,https://cdn.jsdelivr.net/gh/Divercitieslb/bob-music-store@main/import/images/ACC-20-01.jpg,1,"Piano Accordion — Black, Ornate Scroll Grille with Crest (Vintage) — Bob Music Store",false,"Piano Accordion — Black, Ornate Scroll Grille with Crest …","Full-size vintage piano accordion in gloss black with a beautiful butterfly/scroll-work grille over silver mesh, centered — Bob Music Store, Beirut.",g,active
vermona-cantora-piano-accordion-red,"Vermona Cantora Piano Accordion — Red Pearloid (Vintage, GDR)","<p>Vermona Cantora from East Germany (GDR) — bright red marbled pearloid with an ornate silver scroll grille and a small medallion center. The Cantora is documented as a 37-key, 96-bass, 4-voice design with 11 treble and 5 bass switches, built in the Klingenthal region. Clean keys, bass strap fitted.</p><ul>
<li>Vermona Cantora, made in Germany (GDR era)</li>
<li>37 keys / 96 bass, 4-voice (model standard)</li>
<li>Ornate silver scroll grille</li>
<li>5 treble register rockers visible</li>
<li>Used, very good: clean keys — see photos</li>
</ul>",Vermona,Arts & Entertainment > Hobbies & Creative Arts > Musical Instruments > Accordions & Concertinas,Piano Accordion,"Piano Accordions, Accordions, Vintage & Collectible, accordion, gdr, german, piano accordion, vermona, vintage",true,Title,Default Title,,,,,ACC-19,9500,shopify,1,deny,manual,0.00,,true,true,,https://cdn.jsdelivr.net/gh/Divercitieslb/bob-music-store@main/import/images/ACC-19-01.jpg,1,"Vermona Cantora Piano Accordion — Red Pearloid (Vintage, GDR) — Bob Music Store",false,"Vermona Cantora Piano Accordion — Red Pearloid (Vintage, …","Vermona Cantora from East Germany (GDR) — bright red marbled pearloid with an ornate silver scroll grille and a small medallion — Bob Music Store, Beirut.",g,active
vintage-mini-piano-accordion-16-bass,"Vintage Mini Piano Accordion — 16 Bass, Marquetry Bands","<p>Charming vintage miniature piano accordion — about 22 keys and 16 bass buttons — in grey pearloid with ornate silver-and-gold floral marquetry bands. German-style small accordion, perfect as a first squeezebox, a travel instrument, or a beautiful display piece.</p><ul>
<li>Miniature size: ~22 keys / 16 bass</li>
<li>Grey pearloid with floral marquetry bands</li>
<li>Thin leather straps</li>
<li>Vintage condition: aged celluloid, worn inlay — see photos</li>
<li>Sold as-is</li>
</ul>",Unbranded,Arts & Entertainment > Hobbies & Creative Arts > Musical Instruments > Accordions & Concertinas,Piano Accordion,"Piano Accordions, Accordions, Vintage & Collectible, 16 bass, accordion, decor, mini, piano accordion, vintage",true,Title,Default Title,,,,,ACC-18,9500,shopify,1,deny,manual,0.00,,true,true,,https://cdn.jsdelivr.net/gh/Divercitieslb/bob-music-store@main/import/images/ACC-18-01.jpg,1,"Vintage Mini Piano Accordion — 16 Bass, Marquetry Bands — Bob Music Store",false,"Vintage Mini Piano Accordion — 16 Bass, Marquetry Bands","Charming vintage miniature piano accordion — about 22 keys and 16 bass buttons — in grey pearloid with ornate silver-and-gold — Bob Music Store, Beirut.",g,active
moreschi-piano-accordion-charcoal-mid-size,"Moreschi Piano Accordion — Charcoal Marble, Mid-Size (Vintage)","<p>Moreschi of Castelfidardo (founded 1910) mid-size piano accordion in charcoal marbled pearloid, with a wide wing-shaped silver filigree grille in a diamond lattice pattern and a red oval maker's badge. Around 60-72 bass — the comfortable size for folk and street playing.</p><ul>
<li>Moreschi, made in Castelfidardo, Italy</li>
<li>Mid size (~60-72 bass)</li>
<li>Silver filigree lattice grille</li>
<li>2 chrome treble registers</li>
<li>Used, very good condition — see photos</li>
</ul>",Moreschi,Arts & Entertainment > Hobbies & Creative Arts > Musical Instruments > Accordions & Concertinas,Piano Accordion,"Piano Accordions, Accordions, Vintage & Collectible, accordion, italian, moreschi, piano accordion, vintage",true,Title,Default Title,,,,,ACC-17,9500,shopify,1,deny,manual,0.00,,true,true,,https://cdn.jsdelivr.net/gh/Divercitieslb/bob-music-store@main/import/images/ACC-17-01.jpg,1,"Moreschi Piano Accordion — Charcoal Marble, Mid-Size (Vintage) — Bob Music Store",false,"Moreschi Piano Accordion — Charcoal Marble, Mid-Size (Vin…","Moreschi of Castelfidardo (founded 1910) mid-size piano accordion in charcoal marbled pearloid, with a wide wing-shaped silver — Bob Music Store, Beirut.",g,active
weltmeister-stella-grey-marble-120-bass,"Weltmeister Stella Piano Accordion — Grey Marble, 120 Bass (Vintage)","<p>Weltmeister Stella in an unusual grey/smoke marbled celluloid — the same German-built 120-bass workhorse as our black Stella, in a finish you rarely see. Black bass buttons on a cream plate, three bass registers, slat-vent grille with the classic lozenge badges.</p><ul>
<li>Weltmeister Stella, made in Germany</li>
<li>Full size: 41 keys / 120 bass (model standard)</li>
<li>Grey marble celluloid finish</li>
<li>3 bass register buttons</li>
<li>Used, very good: aged, slight key yellowing — see photos</li>
</ul>",Weltmeister,Arts & Entertainment > Hobbies & Creative Arts > Musical Instruments > Accordions & Concertinas,Piano Accordion,"Piano Accordions, Accordions, Vintage & Collectible, 120 bass, accordion, german, piano accordion, vintage, weltmeister",true,Title,Default Title,,,,,ACC-16,9500,shopify,1,deny,manual,0.00,,true,true,,https://cdn.jsdelivr.net/gh/Divercitieslb/bob-music-store@main/import/images/ACC-16-01.jpg,1,"Weltmeister Stella Piano Accordion — Grey Marble, 120 Bass (Vintage) — Bob Music Store",false,"Weltmeister Stella Piano Accordion — Grey Marble, 120 Bas…","Weltmeister Stella in an unusual grey/smoke marbled celluloid — the same German-built 120-bass workhorse as our black Stella — Bob Music Store, Beirut.",g,active
baile-piano-accordion-black-120-bass,"Baile Piano Accordion — Black, 120 Bass (Used)","<p>Baile full-size piano accordion in gloss black with a row of silver mesh vents and tan straps. Baile — from the Shanghai Accordion Factory — was for decades one of the two standard Chinese accordion brands (alongside Parrot), building Italian-styled workhorses by the tens of thousands.</p><ul>
<li>Baile (Shanghai Accordion Factory)</li>
<li>Full size ~120 bass</li>
<li>Gloss black, chrome script</li>
<li>Shoulder + bass straps included</li>
<li>Used condition: yellowed keys — see photos; sold as-is</li>
</ul>",Baile,Arts & Entertainment > Hobbies & Creative Arts > Musical Instruments > Accordions & Concertinas,Piano Accordion,"Piano Accordions, Accordions, Vintage & Collectible, 120 bass, accordion, baile, piano accordion, used",true,Title,Default Title,,,,,ACC-15,9500,shopify,1,deny,manual,0.00,,true,true,,https://cdn.jsdelivr.net/gh/Divercitieslb/bob-music-store@main/import/images/ACC-15-01.jpg,1,"Baile Piano Accordion — Black, 120 Bass (Used) — Bob Music Store",false,"Baile Piano Accordion — Black, 120 Bass (Used)","Baile full-size piano accordion in gloss black with a row of silver mesh vents and tan straps — Bob Music Store, Beirut.",g,active
parrot-student-piano-accordion-with-case,"Parrot Student Piano Accordion — Compact, Red Pearloid, with Case","<p>Compact Parrot student accordion — around 26 treble keys with a small bass section (~20-24 buttons) — sized for children and beginners. Red marbled pearloid with a silver zigzag trim band, supplied in its black hard case with bright red plush interior.</p><ul>
<li>Compact student size (~26 keys)</li>
<li>Small bass section, light weight</li>
<li>Red pearloid finish</li>
<li>Includes hard case (red plush)</li>
<li>Used, very good condition — see photos</li>
</ul>",Parrot,Arts & Entertainment > Hobbies & Creative Arts > Musical Instruments > Accordions & Concertinas,Piano Accordion,"Piano Accordions, Accordions, Beginner & Student, accordion, kids, parrot, piano accordion, student, with case",true,Title,Default Title,,,,,ACC-14,9500,shopify,1,deny,manual,0.00,,true,true,,https://cdn.jsdelivr.net/gh/Divercitieslb/bob-music-store@main/import/images/ACC-14-01.jpg,1,"Parrot Student Piano Accordion — Compact, Red Pearloid, with Case — Bob Music Store",false,"Parrot Student Piano Accordion — Compact, Red Pearloid, w…","Compact Parrot student accordion — around 26 treble keys with a small bass section (~20-24 buttons) — sized for children — Bob Music Store, Beirut.",g,active
flli-gentili-aldebaran-piano-accordion,"F.lli Gentili ""Aldebaran"" Piano Accordion — Red Pearloid (Vintage)","<p>Vintage Italian piano accordion by F.lli Gentili of Macerata, model badge ""Aldebaran"" — red marbled pearloid with a cream keyboard frame, a fan of five chrome ribs on the grille, and four treble register tabs. Full-size bass side. A small-workshop Italian instrument from the accordion boom years.</p><ul>
<li>F.lli Gentili, Macerata, Italy (oval badge)</li>
<li>Model: Aldebaran; full size ~120 bass</li>
<li>Red pearloid, chrome fan grille</li>
<li>Vintage condition: worn chrome plate above bass buttons, aged celluloid — see photos</li>
<li>Sold as-is</li>
</ul>",F.lli Gentili,Arts & Entertainment > Hobbies & Creative Arts > Musical Instruments > Accordions & Concertinas,Piano Accordion,"Piano Accordions, Accordions, Vintage & Collectible, 120 bass, accordion, italian, piano accordion, vintage",true,Title,Default Title,,,,,ACC-13,9500,shopify,1,deny,manual,0.00,,true,true,,https://cdn.jsdelivr.net/gh/Divercitieslb/bob-music-store@main/import/images/ACC-13-01.jpg,1,"F.lli Gentili ""Aldebaran"" Piano Accordion — Red Pearloid (Vintage) — Bob Music Store",false,"F.lli Gentili ""Aldebaran"" Piano Accordion — Red Pearloid …","Vintage Italian piano accordion by F.lli Gentili of Macerata, model badge ""Aldebaran"" — red marbled pearloid with a cream — Bob Music Store, Beirut.",g,active
farfisa-super-syntaccordion-electronic-accordion,"Farfisa Super Syntaccordion — Electronic Accordion (Vintage, For Restoration)","<p>A rare one: the Farfisa Super Syntaccordion, the Italian maker's most advanced combo organ/accordion (advertised 1980) — the last of the Transicord → Transivox → Syntaccordion line. It combines a real acoustic accordion with Farfisa Professional-series organ voices, string-machine and mono-synth sections, and is prized in the synth community (often MIDI-converted). Sold as a restoration/collector project: the center grille mesh is torn and the electronics are untested.</p><ul>
<li>Farfisa Super Syntaccordion (Italy, c.1980)</li>
<li>Acoustic accordion + organ/strings/synth sections</li>
<li>Multicolored register tabs</li>
<li>CONDITION: torn center grille mesh, dusty, electronics UNTESTED — sold strictly as-is for restoration</li>
<li>Collector interest from the vintage-synth community</li>
</ul>",Farfisa,Arts & Entertainment > Hobbies & Creative Arts > Musical Instruments > Accordions & Concertinas,Piano Accordion,"Piano Accordions, Accordions, Vintage & Collectible, accordion, collector, electronic accordion, farfisa, project, synth, vintage",true,Title,Default Title,,,,,ACC-12,9500,shopify,1,deny,manual,0.00,,true,true,,https://cdn.jsdelivr.net/gh/Divercitieslb/bob-music-store@main/import/images/ACC-12-01.jpg,1,"Farfisa Super Syntaccordion — Electronic Accordion (Vintage, For Restoration) — Bob Music Store",false,Farfisa Super Syntaccordion — Electronic Accordion (Vinta…,"A rare one: the Farfisa Super Syntaccordion, the Italian maker's most advanced combo organ/accordion (advertised 1980)  — Bob Music Store, Beirut.",g,active
wellmann-piano-accordion-black,"Wellmann Piano Accordion — Black, 120 Bass (Used)","<p>Modern all-black piano accordion branded ""Wellmann Germany"" (manufactured in China), with cream bass buttons on a black bass plate, five treble register rockers and padded shoulder straps. A clean, contemporary-looking instrument in good playing order.</p><ul>
<li>Full size ~120 bass, 5 treble registers</li>
<li>All-black body, cream bass buttons</li>
<li>Padded shoulder straps included</li>
<li>Used, very good condition — see photos</li>
</ul>",Wellmann,Arts & Entertainment > Hobbies & Creative Arts > Musical Instruments > Accordions & Concertinas,Piano Accordion,"Piano Accordions, Accordions, Vintage & Collectible, 120 bass, accordion, black, piano accordion, used",true,Title,Default Title,,,,,ACC-11,9500,shopify,1,deny,manual,0.00,,true,true,,https://cdn.jsdelivr.net/gh/Divercitieslb/bob-music-store@main/import/images/ACC-11-01.jpg,1,"Wellmann Piano Accordion — Black, 120 Bass (Used) — Bob Music Store",false,"Wellmann Piano Accordion — Black, 120 Bass (Used)","Modern all-black piano accordion branded ""Wellmann Germany"" (manufactured in China), with cream bass buttons on a black bass — Bob Music Store, Beirut.",g,active
wellmann-piano-accordion-black,,,,,,,,,,,,,,,,,,,,,,,,,https://cdn.jsdelivr.net/gh/Divercitieslb/bob-music-store@main/import/images/ACC-11-02.jpg,2,"Wellmann Piano Accordion — Black, 120 Bass (Used) — view 2",,,,,
weltmeister-meteor-red-piano-accordion-with-case,"Weltmeister Meteor Piano Accordion — Red Pearloid, with Case (Vintage)","<p>Weltmeister Meteor in bright red marbled pearloid — a late-1970s Klingenthal design with rows of chrome-framed grille vents and white bass buttons. Clean keys and comes with its fitted hard case. The Meteor line ran 41 keys/120 bass in the full size with 11 treble and 5 bass registers.</p><ul>
<li>Weltmeister Meteor, made in Germany</li>
<li>Red pearloid, chrome-framed vent grille</li>
<li>3 bass register buttons visible; white bass buttons</li>
<li>Includes fitted hard case (grey flocked interior)</li>
<li>Used, very good: clean keys — see photos</li>
</ul>",Weltmeister,Arts & Entertainment > Hobbies & Creative Arts > Musical Instruments > Accordions & Concertinas,Piano Accordion,"Piano Accordions, Accordions, Vintage & Collectible, accordion, german, piano accordion, vintage, weltmeister, with case",true,Title,Default Title,,,,,ACC-10,9500,shopify,1,deny,manual,0.00,,true,true,,https://cdn.jsdelivr.net/gh/Divercitieslb/bob-music-store@main/import/images/ACC-10-01.jpg,1,"Weltmeister Meteor Piano Accordion — Red Pearloid, with Case (Vintage) — Bob Music Store",false,"Weltmeister Meteor Piano Accordion — Red Pearloid, with C…","Weltmeister Meteor in bright red marbled pearloid — a late-1970s Klingenthal design with rows of chrome-framed grille vents — Bob Music Store, Beirut.",g,active
weltmeister-meteor-red-piano-accordion-with-case,,,,,,,,,,,,,,,,,,,,,,,,,https://cdn.jsdelivr.net/gh/Divercitieslb/bob-music-store@main/import/images/ACC-10-02.jpg,2,"Weltmeister Meteor Piano Accordion — Red Pearloid, with Case (Vintage) — view 2",,,,,
paolo-soprani-piano-accordion-red-italia,"Paolo Soprani Piano Accordion — Red Pearloid ""Italia"" (Vintage)","<p>Paolo Soprani — the most storied name in Castelfidardo accordion making — in the sought-after deep red marbled pearloid with the ""Italia"" script badge. Art-deco chrome grille bars with starburst vents, shoulder and bass straps fitted. Vintage Paolo Soprani reds are the classic professional's accordion and hold their value accordingly.</p><ul>
<li>Paolo Soprani, made in Italy (Castelfidardo)</li>
<li>Classic red pearloid ""Italia"" model</li>
<li>Art-deco chrome grille</li>
<li>Shoulder + bass straps included</li>
<li>Vintage condition: worn edges, scuffed pearloid — see photos; sold as-is</li>
</ul>",Paolo Soprani,Arts & Entertainment > Hobbies & Creative Arts > Musical Instruments > Accordions & Concertinas,Piano Accordion,"Piano Accordions, Accordions, Vintage & Collectible, accordion, collector, italian, paolo soprani, piano accordion, vintage",true,Title,Default Title,,,,,ACC-09,9500,shopify,1,deny,manual,0.00,,true,true,,https://cdn.jsdelivr.net/gh/Divercitieslb/bob-music-store@main/import/images/ACC-09-01.jpg,1,"Paolo Soprani Piano Accordion — Red Pearloid ""Italia"" (Vintage) — Bob Music Store",false,"Paolo Soprani Piano Accordion — Red Pearloid ""Italia"" (Vi…","Paolo Soprani — the most storied name in Castelfidardo accordion making — in the sought-after deep red marbled pearloid — Bob Music Store, Beirut.",g,active
paolo-soprani-piano-accordion-red-italia,,,,,,,,,,,,,,,,,,,,,,,,,https://cdn.jsdelivr.net/gh/Divercitieslb/bob-music-store@main/import/images/ACC-09-90.jpg,2,"Paolo Soprani Piano Accordion — Red Pearloid ""Italia"" (Vintage) — view 2",,,,,
piano-accordion-black-petal-grille-120-bass,"Piano Accordion — Black, Petal-Pattern Grille, 120 Bass (Used)","<p>Full-size 120-bass piano accordion in gloss black with a unique grille of petal/feather-shaped cutouts over polka-dot mesh and a red-centered medallion. Seven chrome-topped bass register switches. A solid player without a visible maker's name.</p><ul>
<li>Full size: 41 keys / ~120 bass</li>
<li>7 bass register switches</li>
<li>Distinctive petal-pattern grille</li>
<li>Used condition: dust, light scratches — see photos</li>
<li>Sold as-is</li>
</ul>",Unbranded,Arts & Entertainment > Hobbies & Creative Arts > Musical Instruments > Accordions & Concertinas,Piano Accordion,"Piano Accordions, Accordions, Vintage & Collectible, 120 bass, accordion, piano accordion, used",true,Title,Default Title,,,,,ACC-08,9500,shopify,1,deny,manual,0.00,,true,true,,https://cdn.jsdelivr.net/gh/Divercitieslb/bob-music-store@main/import/images/ACC-08-01.jpg,1,"Piano Accordion — Black, Petal-Pattern Grille, 120 Bass (Used) — Bob Music Store",false,"Piano Accordion — Black, Petal-Pattern Grille, 120 Bass (…","Full-size 120-bass piano accordion in gloss black with a unique grille of petal/feather-shaped cutouts over polka-dot mesh — Bob Music Store, Beirut.",g,active
parrot-piano-accordion-red-120-bass,"Parrot Piano Accordion — Red Pearloid, 120 Bass (Used)","<p>Parrot full-size piano accordion in red marbled pearloid with a distinctive mesh-square grille and chrome corner protectors. Parrot (Tianjin) has been one of the standard Chinese workhorse accordion brands for decades — solid, serviceable instruments. Includes shoulder straps.</p><ul>
<li>Parrot, full size ~120 bass</li>
<li>Red pearloid, mesh-square grille</li>
<li>6 register rockers</li>
<li>Includes shoulder straps</li>
<li>Used condition: yellowed keys, pencil note-marks on some keys, corner wear — see photos</li>
</ul>",Parrot,Arts & Entertainment > Hobbies & Creative Arts > Musical Instruments > Accordions & Concertinas,Piano Accordion,"Piano Accordions, Accordions, Vintage & Collectible, 120 bass, accordion, parrot, piano accordion, red, used",true,Title,Default Title,,,,,ACC-07,9500,shopify,1,deny,manual,0.00,,true,true,,https://cdn.jsdelivr.net/gh/Divercitieslb/bob-music-store@main/import/images/ACC-07-01.jpg,1,"Parrot Piano Accordion — Red Pearloid, 120 Bass (Used) — Bob Music Store",false,"Parrot Piano Accordion — Red Pearloid, 120 Bass (Used)","Parrot full-size piano accordion in red marbled pearloid with a distinctive mesh-square grille and chrome corner protectors — Bob Music Store, Beirut.",g,active
parrot-piano-accordion-red-120-bass,,,,,,,,,,,,,,,,,,,,,,,,,https://cdn.jsdelivr.net/gh/Divercitieslb/bob-music-store@main/import/images/ACC-07-02.jpg,2,"Parrot Piano Accordion — Red Pearloid, 120 Bass (Used) — view 2",,,,,
weltmeister-120-bass-black-gold-script,"Weltmeister Piano Accordion — 120 Bass, Black, Gold Script (Vintage)","<p>Full-size Weltmeister 120-bass in gloss black with the gold-outlined script plaque, five white treble register tabs and three bass registers, and a fine mesh grille band with chrome strips. German-built quality from the Klingenthal works.</p><ul>
<li>Weltmeister, made in Germany</li>
<li>Full size ~120 bass, 5 treble + 3 bass registers</li>
<li>Gloss black, gold script badge</li>
<li>Vintage condition: strongly yellowed keys, worn gloss — see photos</li>
<li>Sold as-is</li>
</ul>",Weltmeister,Arts & Entertainment > Hobbies & Creative Arts > Musical Instruments > Accordions & Concertinas,Piano Accordion,"Piano Accordions, Accordions, Vintage & Collectible, 120 bass, accordion, german, piano accordion, vintage, weltmeister",true,Title,Default Title,,,,,ACC-06,9500,shopify,1,deny,manual,0.00,,true,true,,https://cdn.jsdelivr.net/gh/Divercitieslb/bob-music-store@main/import/images/ACC-06-01.jpg,1,"Weltmeister Piano Accordion — 120 Bass, Black, Gold Script (Vintage) — Bob Music Store",false,"Weltmeister Piano Accordion — 120 Bass, Black, Gold Scrip…","Full-size Weltmeister 120-bass in gloss black with the gold-outlined script plaque, five white treble register tabs and three — Bob Music Store, Beirut.",g,active
hohner-verdi-ii-n-piano-accordion,Hohner Verdi II N Piano Accordion — Burgundy Pearloid (Vintage),"<p>Hohner Verdi II N — the famous German ""workhorse"" accordion, praised for robustness and a strong voice. Dark burgundy pearloid with a gold louvered grille and chrome Hohner lettering. The Verdi II N is a 37-key, 96-bass, 3-voice design with 5 treble and 3 bass registers at a manageable 9 kg.</p><ul>
<li>Hohner Verdi II N, made in Germany</li>
<li>37 keys / 96 bass, 3 voices (model standard)</li>
<li>5 treble + 3 bass registers (model standard)</li>
<li>Vintage condition: yellowed keys, tarnished trim — see photos</li>
<li>Sold as-is</li>
</ul>",Hohner,Arts & Entertainment > Hobbies & Creative Arts > Musical Instruments > Accordions & Concertinas,Piano Accordion,"Piano Accordions, Accordions, Vintage & Collectible, accordion, german, hohner, piano accordion, vintage",true,Title,Default Title,,,,,ACC-05,9500,shopify,1,deny,manual,0.00,,true,true,,https://cdn.jsdelivr.net/gh/Divercitieslb/bob-music-store@main/import/images/ACC-05-01.jpg,1,Hohner Verdi II N Piano Accordion — Burgundy Pearloid (Vintage) — Bob Music Store,false,Hohner Verdi II N Piano Accordion — Burgundy Pearloid (Vi…,"Hohner Verdi II N — the famous German ""workhorse"" accordion, praised for robustness and a strong voice — Bob Music Store, Beirut.",g,active
weltmeister-stella-120-bass-black,"Weltmeister Stella Piano Accordion — 120 Bass, Black (Made in Germany)","<p>Weltmeister Stella from Klingenthal, Germany — the classic full-size 120-bass workhorse. Gloss black with the white script ""weltmeister"" and ""stella"" badges, a full row of treble register rockers behind the keys, and slat-vent grille. The Stella line is a 41-key, 120-bass design with 11 treble and 5 bass registers.</p><ul>
<li>Weltmeister Stella, made in Germany</li>
<li>Full size: 41 keys / 120 bass (model standard)</li>
<li>11 treble + 5 bass registers (model standard)</li>
<li>Used condition: scuffs on gloss, slight key yellowing — see photos</li>
<li>Sold as-is</li>
</ul>",Weltmeister,Arts & Entertainment > Hobbies & Creative Arts > Musical Instruments > Accordions & Concertinas,Piano Accordion,"Piano Accordions, Accordions, 120 bass, accordion, german, piano accordion, used, weltmeister",true,Title,Default Title,,,,,ACC-04,9500,shopify,1,deny,manual,0.00,,true,true,,https://cdn.jsdelivr.net/gh/Divercitieslb/bob-music-store@main/import/images/ACC-04-01.jpg,1,"Weltmeister Stella Piano Accordion — 120 Bass, Black (Made in Germany) — Bob Music Store",false,"Weltmeister Stella Piano Accordion — 120 Bass, Black (Mad…","Weltmeister Stella from Klingenthal, Germany — the classic full-size 120-bass workhorse — Bob Music Store, Beirut.",g,active
magister-art-deco-piano-accordion-burgundy,"Magister Piano Accordion — Burgundy, Gold Art-Deco Grille (Vintage)","<p>Show-stopping vintage piano accordion marked ""Magister"" — burgundy/oxblood marbled celluloid crowned by a gold art-deco fan grille, with engraved brass register buttons and gold register rockers on the bass side. The most ornate accordion in our collection; likely the Magister model associated with the German Barcarole works.</p><ul>
<li>Burgundy pearloid with gold art-deco fan grille</li>
<li>4 engraved brass treble registers + 3 gold bass rockers</li>
<li>Full-size bass side</li>
<li>Vintage condition: aged keys, patina on gold trim — see photos</li>
<li>Sold as-is</li>
</ul>",Magister,Arts & Entertainment > Hobbies & Creative Arts > Musical Instruments > Accordions & Concertinas,Piano Accordion,"Piano Accordions, Accordions, Vintage & Collectible, accordion, art deco, piano accordion, vintage",true,Title,Default Title,,,,,ACC-03,9500,shopify,1,deny,manual,0.00,,true,true,,https://cdn.jsdelivr.net/gh/Divercitieslb/bob-music-store@main/import/images/ACC-03-01.jpg,1,"Magister Piano Accordion — Burgundy, Gold Art-Deco Grille (Vintage) — Bob Music Store",false,"Magister Piano Accordion — Burgundy, Gold Art-Deco Grille…","Show-stopping vintage piano accordion marked ""Magister"" — burgundy/oxblood marbled celluloid crowned by a gold art-deco fan — Bob Music Store, Beirut.",g,active
artisti-associati-castelfidardo-piano-accordion,"Artisti Associati Piano Accordion — Castelfidardo, Italy (Vintage)","<p>Mid-century Italian piano accordion by Artisti Associati of Castelfidardo — Italy's accordion capital — in grey mother-of-pearl celluloid with a green diamond-pattern bellows. ""Artisti Associati"" was one of the export brand names of the postwar Castelfidardo boom, built for the American market. Four treble registers, full black-button bass side.</p><ul>
<li>Made in Castelfidardo, Italy (badge on bass side)</li>
<li>Grey pearloid finish, argyle bellows cloth</li>
<li>4 treble register buttons</li>
<li>Vintage condition: yellowed keys, oxidized trim — see photos</li>
<li>Sold as-is</li>
</ul>",Artisti Associati,Arts & Entertainment > Hobbies & Creative Arts > Musical Instruments > Accordions & Concertinas,Piano Accordion,"Piano Accordions, Accordions, Vintage & Collectible, accordion, castelfidardo, italian, piano accordion, vintage",true,Title,Default Title,,,,,ACC-02,9500,shopify,1,deny,manual,0.00,,true,true,,https://cdn.jsdelivr.net/gh/Divercitieslb/bob-music-store@main/import/images/ACC-02-01.jpg,1,"Artisti Associati Piano Accordion — Castelfidardo, Italy (Vintage) — Bob Music Store",false,"Artisti Associati Piano Accordion — Castelfidardo, Italy …","Mid-century Italian piano accordion by Artisti Associati of Castelfidardo — Italy's accordion capital — in grey mother-of-pearl — Bob Music Store, Beirut.",g,active
ogonyok-2-soviet-bayan-button-accordion,Ogonyok-2 Soviet Button Accordion (Bayan) — Red Marble (Vintage),"<p>Genuine Soviet-era Ogonyok-2 (Огонёк-2) bayan — a 3-row B-system button accordion in red-maroon marbled celluloid with a silver textured grille inset with red bars. The gold Cyrillic script on the treble side marks it unmistakably as a piece of Soviet musical history. Known as a lightweight student bayan with a rich treble voice.</p><ul>
<li>Soviet-made 3-row button accordion (B-system)</li>
<li>Red marbled celluloid, original straps</li>
<li>Gold Cyrillic ""Огонёк 2"" script</li>
<li>Vintage condition: edge wear on celluloid, aged straps — see photos</li>
<li>Sold as-is; a serviceable player and a collector's display piece</li>
</ul>",Ogonyok,Arts & Entertainment > Hobbies & Creative Arts > Musical Instruments > Accordions & Concertinas,Button Accordion,"Button Accordions, Accordions, Vintage & Collectible, accordion, bayan, button accordion, russian, soviet, vintage",true,Title,Default Title,,,,,ACC-01,6000,shopify,1,deny,manual,0.00,,true,true,,https://cdn.jsdelivr.net/gh/Divercitieslb/bob-music-store@main/import/images/ACC-01-01.jpg,1,Ogonyok-2 Soviet Button Accordion (Bayan) — Red Marble (Vintage) — Bob Music Store,false,Ogonyok-2 Soviet Button Accordion (Bayan) — Red Marble (V…,"Genuine Soviet-era Ogonyok-2 (Огонёк-2) bayan — a 3-row B-system button accordion in red-maroon marbled celluloid with a silver — Bob Music Store, Beirut.",g,active
student-violin-4-4-honey-gloss,"Student Violin 4/4 — Honey Gloss, Pronounced Grain","<p>Student violin in a warm honey-yellow gloss with strikingly straight, pronounced spruce grain across the top. Black fittings with a 4-fine-tuner tailpiece.</p><ul>
<li>4/4 acoustic student violin</li>
<li>Honey gloss, pronounced straight grain</li>
<li>Black fittings, 4 fine tuners</li>
<li>New shop stock</li>
</ul>",Generic,Arts & Entertainment > Hobbies & Creative Arts > Musical Instruments > String Instruments > Violins,Violin,"Violins, Violins & Wind, Beginner & Student, 4/4, beginner, honey, student violin, violin",true,Title,Default Title,,,,,VLN-10,1600,shopify,1,deny,manual,0.00,,true,true,,https://cdn.jsdelivr.net/gh/Divercitieslb/bob-music-store@main/import/images/VLN-10-01.jpg,1,"Student Violin 4/4 — Honey Gloss, Pronounced Grain — Bob Music Store",false,"Student Violin 4/4 — Honey Gloss, Pronounced Grain","Student violin in a warm honey-yellow gloss with strikingly straight, pronounced spruce grain across the top — Bob Music Store, Beirut.",g,active
student-violin-4-4-sparkle-blue,Student Violin 4/4 — Sparkle Blue,"<p>Full-size student violin in metallic sparkle blue — body, ribs and scroll — with black fittings and a natural wood bridge for contrast. A real acoustic violin with serious sparkle.</p><ul>
<li>4/4 acoustic student violin</li>
<li>Metallic sparkle blue finish incl. scroll</li>
<li>Black fittings, 4 fine tuners</li>
<li>New shop stock</li>
</ul>",Generic,Arts & Entertainment > Hobbies & Creative Arts > Musical Instruments > String Instruments > Violins,Violin,"Violins, Violins & Wind, Beginner & Student, 4/4, blue, colored, sparkle, student violin, violin",true,Title,Default Title,,,,,VLN-09,1600,shopify,1,deny,manual,0.00,,true,true,,https://cdn.jsdelivr.net/gh/Divercitieslb/bob-music-store@main/import/images/VLN-09-01.jpg,1,Student Violin 4/4 — Sparkle Blue — Bob Music Store,false,Student Violin 4/4 — Sparkle Blue,"Full-size student violin in metallic sparkle blue — body, ribs and scroll — with black fittings and a natural wood bridge — Bob Music Store, Beirut.",g,active
student-violin-4-4-gloss-amber,Student Violin 4/4 — Gloss Amber,"<p>Classic student violin in high-gloss amber with black fittings and a 4-fine-tuner tailpiece for easy, precise tuning — the standard, reliable choice for beginners. Two units available; photos show both.</p><ul>
<li>4/4 acoustic student violin</li>
<li>High-gloss amber varnish</li>
<li>Black fittings, 4 fine tuners</li>
<li>New shop stock (protective factory paper visible in photos)</li>
</ul>",Generic,Arts & Entertainment > Hobbies & Creative Arts > Musical Instruments > String Instruments > Violins,Violin,"Violins, Violins & Wind, Beginner & Student, 4/4, amber, beginner, student violin, violin",true,Title,Default Title,,,,,VLN-08,1600,shopify,2,deny,manual,0.00,,true,true,,https://cdn.jsdelivr.net/gh/Divercitieslb/bob-music-store@main/import/images/VLN-08-01.jpg,1,Student Violin 4/4 — Gloss Amber — Bob Music Store,false,Student Violin 4/4 — Gloss Amber,"Classic student violin in high-gloss amber with black fittings and a 4-fine-tuner tailpiece for easy, precise tuning  — Bob Music Store, Beirut.",g,active
student-violin-4-4-gloss-amber,,,,,,,,,,,,,,,,,,,,,,,,,https://cdn.jsdelivr.net/gh/Divercitieslb/bob-music-store@main/import/images/VLN-08-02.jpg,2,Student Violin 4/4 — Gloss Amber — view 2,,,,,
student-violin-4-4-matte-antique,Student Violin 4/4 — Matte Antique Finish,"<p>Student violin with a matte ""antiqued"" brown finish — darker shading toward the edges for an old-master look without the old-master price. All-black fittings including a 4-fine-tuner tailpiece.</p><ul>
<li>4/4 student violin</li>
<li>Matte antique shaded finish</li>
<li>Black pegs, fingerboard, tailpiece (4 fine tuners), chinrest</li>
<li>New shop stock</li>
</ul>",Generic,Arts & Entertainment > Hobbies & Creative Arts > Musical Instruments > String Instruments > Violins,Violin,"Violins, Violins & Wind, Beginner & Student, 4/4, antique, matte, student violin, violin",true,Title,Default Title,,,,,VLN-07,1600,shopify,1,deny,manual,0.00,,true,true,,https://cdn.jsdelivr.net/gh/Divercitieslb/bob-music-store@main/import/images/VLN-07-01.jpg,1,Student Violin 4/4 — Matte Antique Finish — Bob Music Store,false,Student Violin 4/4 — Matte Antique Finish,"Student violin with a matte ""antiqued"" brown finish — darker shading toward the edges for an old-master look without — Bob Music Store, Beirut.",g,active
student-violin-4-4-matte-antique,,,,,,,,,,,,,,,,,,,,,,,,,https://cdn.jsdelivr.net/gh/Divercitieslb/bob-music-store@main/import/images/VLN-07-02.jpg,2,Student Violin 4/4 — Matte Antique Finish — view 2,,,,,
student-violin-4-4-satin-amber-wooden-fittings,"Student Violin 4/4 — Satin Amber, Wooden Pegs & Tailpiece","<p>A step up in looks from the standard student violin: satin amber-orange top with shaded edges, boxwood-tone wooden pegs, matching wooden tailpiece with a single gold E fine tuner, and a wooden chinrest. Two-piece flamed maple back with a clean center seam.</p><ul>
<li>4/4 student violin, traditional wooden fittings</li>
<li>Satin amber finish, shaded edges</li>
<li>Boxwood-tone pegs + wooden tailpiece</li>
<li>Two-piece maple back with light flame</li>
<li>New (bridge/strings factory-wrapped in photos)</li>
</ul>",Generic,Arts & Entertainment > Hobbies & Creative Arts > Musical Instruments > String Instruments > Violins,Violin,"Violins, Violins & Wind, Beginner & Student, 4/4, amber, student violin, traditional, violin",true,Title,Default Title,,,,,VLN-06,1600,shopify,1,deny,manual,0.00,,true,true,,https://cdn.jsdelivr.net/gh/Divercitieslb/bob-music-store@main/import/images/VLN-06-01.jpg,1,"Student Violin 4/4 — Satin Amber, Wooden Pegs & Tailpiece — Bob Music Store",false,"Student Violin 4/4 — Satin Amber, Wooden Pegs & Tailpiece","A step up in looks from the standard student violin: satin amber-orange top with shaded edges, boxwood-tone wooden pegs — Bob Music Store, Beirut.",g,active
student-violin-4-4-satin-amber-wooden-fittings,,,,,,,,,,,,,,,,,,,,,,,,,https://cdn.jsdelivr.net/gh/Divercitieslb/bob-music-store@main/import/images/VLN-06-02.jpg,2,"Student Violin 4/4 — Satin Amber, Wooden Pegs & Tailpiece — view 2",,,,,
student-violin-4-4-gloss-red-outfit,"Student Violin 4/4 Outfit — Gloss Red, with Case & Bow","<p>Full-size student violin in bright gloss red with black fittings and a 4-fine-tuner tailpiece — easy tuning for beginners. Complete outfit in a shaped foam case with bow (factory-wrapped in photos).</p><ul>
<li>4/4 acoustic student violin</li>
<li>Gloss red finish, black fittings</li>
<li>Tailpiece with 4 fine tuners</li>
<li>Includes shaped case and bow</li>
<li>New in case</li>
</ul>",Generic,Arts & Entertainment > Hobbies & Creative Arts > Musical Instruments > String Instruments > Violins,Violin,"Violins, Violins & Wind, Beginner & Student, 4/4, colored, outfit, red, student violin, violin",true,Title,Default Title,,,,,VLN-05,1600,shopify,1,deny,manual,0.00,,true,true,,https://cdn.jsdelivr.net/gh/Divercitieslb/bob-music-store@main/import/images/VLN-05-01.jpg,1,"Student Violin 4/4 Outfit — Gloss Red, with Case & Bow — Bob Music Store",false,"Student Violin 4/4 Outfit — Gloss Red, with Case & Bow","Full-size student violin in bright gloss red with black fittings and a 4-fine-tuner tailpiece — easy tuning for beginners — Bob Music Store, Beirut.",g,active
student-violin-4-4-turquoise-case-bow,"Student Violin 4/4 — Turquoise, with Case & Bow","<p>Full-size student violin in a glossy turquoise/mint finish — scroll and all — with black fittings. A conventional acoustic violin (real f-holes, real voice) that stands out in any classroom. Supplied in a plush-lined case with bow.</p><ul>
<li>4/4 acoustic student violin</li>
<li>Gloss turquoise finish incl. scroll</li>
<li>Black pegs, fingerboard, tailpiece and chinrest</li>
<li>Includes case and bow</li>
<li>New in case</li>
</ul>",Generic,Arts & Entertainment > Hobbies & Creative Arts > Musical Instruments > String Instruments > Violins,Violin,"Violins, Violins & Wind, Beginner & Student, 4/4, colored, outfit, student violin, turquoise, violin",true,Title,Default Title,,,,,VLN-04,1600,shopify,1,deny,manual,0.00,,true,true,,https://cdn.jsdelivr.net/gh/Divercitieslb/bob-music-store@main/import/images/VLN-04-01.jpg,1,"Student Violin 4/4 — Turquoise, with Case & Bow — Bob Music Store",false,"Student Violin 4/4 — Turquoise, with Case & Bow","Full-size student violin in a glossy turquoise/mint finish — scroll and all — with black fittings — Bob Music Store, Beirut.",g,active
silent-electric-violin-outfit-white-s-frame,"Silent Electric Violin Outfit — White S-Frame, with Case & Accessories","<p>Silent electric violin with a cream-white S-frame body and black center beam — light, comfortable, and ready for headphone practice or amplified performance. Complete outfit with shaped case, bow and cable/headphone kit.</p><ul>
<li>4/4 S-frame silent electric violin</li>
<li>Cream white with black fittings and shoulder support</li>
<li>Includes: shaped case (grey plush), bow, cable/headphone kit</li>
<li>New in case (accessories still factory-wrapped)</li>
</ul>",Generic,Arts & Entertainment > Hobbies & Creative Arts > Musical Instruments > String Instruments > Violins,Electric Violin,"Electric Violins, Violins & Wind, 4/4, electric violin, outfit, silent violin, violin, white",true,Title,Default Title,,,,,VLN-03,2200,shopify,1,deny,manual,0.00,,true,true,,https://cdn.jsdelivr.net/gh/Divercitieslb/bob-music-store@main/import/images/VLN-03-01.jpg,1,"Silent Electric Violin Outfit — White S-Frame, with Case & Accessories — Bob Music Store",false,"Silent Electric Violin Outfit — White S-Frame, with Case …","Silent electric violin with a cream-white S-frame body and black center beam — light, comfortable, and ready for headphone — Bob Music Store, Beirut.",g,active
silent-electric-violin-outfit-pearl-white,"Silent Electric Violin Outfit — Pearl White, with Case & Bow","<p>Silent electric violin in pearl white with black fittings — an elegant openwork body that plays quietly through headphones or plugs into any amp. Complete outfit in a shaped case with bow and cable/earphone set.</p><ul>
<li>4/4 openwork-body silent electric violin</li>
<li>Pearl white with black fingerboard, pegs, tailpiece and chinrest</li>
<li>Includes: shaped case (tan plush), bow, cables/earphones</li>
<li>New in case</li>
</ul>",Generic,Arts & Entertainment > Hobbies & Creative Arts > Musical Instruments > String Instruments > Violins,Electric Violin,"Electric Violins, Violins & Wind, 4/4, electric violin, outfit, silent violin, violin, white",true,Title,Default Title,,,,,VLN-02,2200,shopify,1,deny,manual,0.00,,true,true,,https://cdn.jsdelivr.net/gh/Divercitieslb/bob-music-store@main/import/images/VLN-02-01.jpg,1,"Silent Electric Violin Outfit — Pearl White, with Case & Bow — Bob Music Store",false,"Silent Electric Violin Outfit — Pearl White, with Case & Bow","Silent electric violin in pearl white with black fittings — an elegant openwork body that plays quietly through headphones — Bob Music Store, Beirut.",g,active
silent-electric-violin-outfit-black,"Silent Electric Violin Outfit — Black, with Case, Bow & Headphones","<p>Practice anywhere, anytime: this skeletal-body silent electric violin in gloss black produces almost no acoustic sound on its own — plug in headphones for silent practice or connect to an amp for the stage. Complete outfit in a fitted shaped case with bow and headphone/cable set.</p><ul>
<li>4/4 skeletal-body silent electric violin</li>
<li>Gloss black body, chrome fine tuners</li>
<li>Includes: shaped case, bow, headphone/cable set</li>
<li>Powered by 9V battery (not included)</li>
<li>New in case</li>
</ul>",Generic,Arts & Entertainment > Hobbies & Creative Arts > Musical Instruments > String Instruments > Violins,Electric Violin,"Electric Violins, Violins & Wind, 4/4, black, electric violin, outfit, silent violin, violin",true,Title,Default Title,,,,,VLN-01,2200,shopify,1,deny,manual,0.00,,true,true,,https://cdn.jsdelivr.net/gh/Divercitieslb/bob-music-store@main/import/images/VLN-01-01.jpg,1,"Silent Electric Violin Outfit — Black, with Case, Bow & Headphones — Bob Music Store",false,"Silent Electric Violin Outfit — Black, with Case, Bow & H…","Practice anywhere, anytime: this skeletal-body silent electric violin in gloss black produces almost no acoustic sound — Bob Music Store, Beirut.",g,active
dreadnought-acoustic-guitar-natural-unbranded,Dreadnought Acoustic Guitar — Natural (Unbranded),"<p>Full-size non-cutaway dreadnought in gloss natural with pronounced wide grain on the top and a wine-red headstock. Freshly strung (D'Addario EXP tag still on the headstock in photos). Simple, honest, big acoustic sound.</p><ul>
<li>Full-size dreadnought, steel strings</li>
<li>Gloss natural top, thin multi-ring rosette</li>
<li>Freshly strung with D'Addario</li>
<li>New shop stock</li>
</ul>",Generic,Arts & Entertainment > Hobbies & Creative Arts > Musical Instruments > String Instruments > Guitars,Acoustic Guitar,"Acoustic Guitars, Guitars & Bass, acoustic guitar, beginner, dreadnought, natural, steel string",true,Title,Default Title,,,,,GTR-24,2600,shopify,1,deny,manual,0.00,,true,true,,https://cdn.jsdelivr.net/gh/Divercitieslb/bob-music-store@main/import/images/GTR-24-01.jpg,1,Dreadnought Acoustic Guitar — Natural (Unbranded) — Bob Music Store,false,Dreadnought Acoustic Guitar — Natural (Unbranded),"Full-size non-cutaway dreadnought in gloss natural with pronounced wide grain on the top and a wine-red headstock — Bob Music Store, Beirut.",g,active
3-4-classical-guitar-amber-orange-attima,"3/4 Classical Guitar — Amber Orange, Black Binding (Attima)","<p>Compact 3/4-size classical in a saturated amber-orange gloss with black binding and a maroon diamond-pattern rosette — sized for younger students and travel. Nylon strings, slotted headstock, chrome tuners.</p><ul>
<li>3/4 (compact) classical, nylon strings</li>
<li>Amber-orange gloss, black binding</li>
<li>Slotted headstock, chrome tuners</li>
<li>New shop stock (minor marks on painted fretboard — see photos)</li>
</ul>",Attima,Arts & Entertainment > Hobbies & Creative Arts > Musical Instruments > String Instruments > Guitars,Classical Guitar,"Classical Guitars, Guitars & Bass, 3/4 size, classical guitar, kids, nylon strings, student",true,Title,Default Title,,,,,GTR-23,2200,shopify,1,deny,manual,0.00,,true,true,,https://cdn.jsdelivr.net/gh/Divercitieslb/bob-music-store@main/import/images/GTR-23-01.jpg,1,"3/4 Classical Guitar — Amber Orange, Black Binding (Attima) — Bob Music Store",false,"3/4 Classical Guitar — Amber Orange, Black Binding (Attima)","Compact 3/4-size classical in a saturated amber-orange gloss with black binding and a maroon diamond-pattern rosette — sized — Bob Music Store, Beirut.",g,active
siltron-41-dreadnought-tobacco-sunburst,Siltron 41″ Acoustic Guitar — Tobacco Sunburst Cutaway,"<p>Siltron 41-inch cutaway dreadnought in matte tobacco sunburst — amber center fading to black edges — with white multi-ring rosette and dot inlays. The classic look with a modern matte feel.</p><ul>
<li>41″ cutaway dreadnought, steel strings</li>
<li>Matte tobacco sunburst</li>
<li>Chrome tuners, white bridge pins</li>
<li>New shop stock</li>
</ul>",Siltron,Arts & Entertainment > Hobbies & Creative Arts > Musical Instruments > String Instruments > Guitars,Acoustic Guitar,"Acoustic Guitars, Guitars & Bass, acoustic guitar, cutaway, dreadnought, matte, steel string, sunburst",true,Title,Default Title,,,,,GTR-22,2600,shopify,1,deny,manual,0.00,,true,true,,https://cdn.jsdelivr.net/gh/Divercitieslb/bob-music-store@main/import/images/GTR-22-01.jpg,1,Siltron 41″ Acoustic Guitar — Tobacco Sunburst Cutaway — Bob Music Store,false,Siltron 41″ Acoustic Guitar — Tobacco Sunburst Cutaway,"Siltron 41-inch cutaway dreadnought in matte tobacco sunburst — amber center fading to black edges — with white multi-ring — Bob Music Store, Beirut.",g,active
karl-schneider-electro-classical-cutaway-eq,Karl Schneider Electro-Classical Guitar — Cutaway with 4-Band EQ,"<p>Karl Schneider cutaway electro-classical: nylon-string warmth you can plug straight into an amp or PA via the side-mounted EQ-7545R preamp — 4-band EQ (bass/mid/treble/presence) with volume, powered by a 9V battery, driving an under-saddle piezo pickup. Gloss natural top, yellow-green mosaic rosette, and ornate antique-gold tuner buttons. New with hang tag.</p><ul>
<li>Cutaway classical body, nylon strings</li>
<li>EQ-7545R preamp: 4-band EQ + volume, 9V battery, low-battery light</li>
<li>Under-saddle piezo pickup</li>
<li>Antique-gold beaded tuner buttons</li>
<li>New shop stock with tag</li>
</ul>",Karl Schneider,Arts & Entertainment > Hobbies & Creative Arts > Musical Instruments > String Instruments > Guitars,Classical Guitar,"Classical Guitars, Guitars & Bass, classical guitar, cutaway, electro acoustic, nylon strings, preamp, stage",true,Title,Default Title,,,,,GTR-21,2200,shopify,1,deny,manual,0.00,,true,true,,https://cdn.jsdelivr.net/gh/Divercitieslb/bob-music-store@main/import/images/GTR-21-01.jpg,1,Karl Schneider Electro-Classical Guitar — Cutaway with 4-Band EQ — Bob Music Store,false,Karl Schneider Electro-Classical Guitar — Cutaway with 4-…,"Karl Schneider cutaway electro-classical: nylon-string warmth you can plug straight into an amp or PA via the side-mounted — Bob Music Store, Beirut.",g,active
karl-schneider-electro-classical-cutaway-eq,,,,,,,,,,,,,,,,,,,,,,,,,https://cdn.jsdelivr.net/gh/Divercitieslb/bob-music-store@main/import/images/GTR-21-02.jpg,2,Karl Schneider Electro-Classical Guitar — Cutaway with 4-Band EQ — view 2,,,,,
fiesta-classical-guitar-natural,"Fiesta Classical Guitar — Natural, Nylon Strings","<p>Fiesta full-size classical guitar in traditional gloss natural amber with a black-and-white checkered double rosette and slotted headstock. Warm nylon-string tone — the standard first guitar for classical and Arabic-style study.</p><ul>
<li>Full-size classical, nylon strings</li>
<li>Gloss natural amber finish</li>
<li>Checkered double rosette</li>
<li>Slotted headstock, chrome plates</li>
<li>New shop stock</li>
</ul>",Fiesta,Arts & Entertainment > Hobbies & Creative Arts > Musical Instruments > String Instruments > Guitars,Classical Guitar,"Classical Guitars, Guitars & Bass, beginner, classical guitar, natural, nylon strings, student",true,Title,Default Title,,,,,GTR-20,2200,shopify,1,deny,manual,0.00,,true,true,,https://cdn.jsdelivr.net/gh/Divercitieslb/bob-music-store@main/import/images/GTR-20-01.jpg,1,"Fiesta Classical Guitar — Natural, Nylon Strings — Bob Music Store",false,"Fiesta Classical Guitar — Natural, Nylon Strings","Fiesta full-size classical guitar in traditional gloss natural amber with a black-and-white checkered double rosette — Bob Music Store, Beirut.",g,active
siltron-41-dreadnought-matte-red-burst,Siltron 41″ Acoustic Guitar — Matte Red Burst Cutaway,"<p>Siltron 41-inch cutaway dreadnought in a matte red-to-black burst with a white multi-ring rosette and black bridge with white pins. Full, punchy dreadnought voice with modern matte looks.</p><ul>
<li>41″ cutaway dreadnought, steel strings</li>
<li>Matte red burst with black rim</li>
<li>Chrome tuners, dot inlays</li>
<li>New shop stock</li>
</ul>",Siltron,Arts & Entertainment > Hobbies & Creative Arts > Musical Instruments > String Instruments > Guitars,Acoustic Guitar,"Acoustic Guitars, Guitars & Bass, acoustic guitar, cutaway, dreadnought, matte, red, steel string",true,Title,Default Title,,,,,GTR-19,2600,shopify,1,deny,manual,0.00,,true,true,,https://cdn.jsdelivr.net/gh/Divercitieslb/bob-music-store@main/import/images/GTR-19-01.jpg,1,Siltron 41″ Acoustic Guitar — Matte Red Burst Cutaway — Bob Music Store,false,Siltron 41″ Acoustic Guitar — Matte Red Burst Cutaway,"Siltron 41-inch cutaway dreadnought in a matte red-to-black burst with a white multi-ring rosette and black bridge with white — Bob Music Store, Beirut.",g,active
fiesta-classical-guitar-gloss-pink,"Fiesta Classical Guitar — Gloss Pink, Nylon Strings","<p>Fiesta classical guitar in full gloss bubblegum pink — body, neck and slotted headstock all color-matched, with gold tuner plates and an orange patterned rosette. Soft nylon strings make it ideal for beginners; the color makes it a favorite gift.</p><ul>
<li>Full-size classical, nylon strings</li>
<li>All-pink gloss finish incl. headstock</li>
<li>Slotted headstock, gold plates, white buttons</li>
<li>New shop stock</li>
</ul>",Fiesta,Arts & Entertainment > Hobbies & Creative Arts > Musical Instruments > String Instruments > Guitars,Classical Guitar,"Classical Guitars, Guitars & Bass, beginner, classical guitar, nylon strings, pink, student",true,Title,Default Title,,,,,GTR-18,2200,shopify,1,deny,manual,0.00,,true,true,,https://cdn.jsdelivr.net/gh/Divercitieslb/bob-music-store@main/import/images/GTR-18-01.jpg,1,"Fiesta Classical Guitar — Gloss Pink, Nylon Strings — Bob Music Store",false,"Fiesta Classical Guitar — Gloss Pink, Nylon Strings","Fiesta classical guitar in full gloss bubblegum pink — body, neck and slotted headstock all color-matched, with gold tuner — Bob Music Store, Beirut.",g,active
folk-acoustic-guitar-slim-cutaway-natural,"Folk Acoustic Guitar — Slim Cutaway, Natural (Unbranded)","<p>Clean, unbranded slim-body folk cutaway in pale natural finish — light to hold, easy to play, with a simple silver double-ring rosette and chrome tuners. An honest starter guitar.</p><ul>
<li>Slim folk body with cutaway, steel strings</li>
<li>Natural finish, dark fretboard and bridge</li>
<li>Chrome tuners, white bridge pins</li>
<li>New shop stock</li>
</ul>",Generic,Arts & Entertainment > Hobbies & Creative Arts > Musical Instruments > String Instruments > Guitars,Acoustic Guitar,"Acoustic Guitars, Guitars & Bass, acoustic guitar, beginner, cutaway, folk, natural, steel string",true,Title,Default Title,,,,,GTR-17,2600,shopify,1,deny,manual,0.00,,true,true,,https://cdn.jsdelivr.net/gh/Divercitieslb/bob-music-store@main/import/images/GTR-17-01.jpg,1,"Folk Acoustic Guitar — Slim Cutaway, Natural (Unbranded) — Bob Music Store",false,"Folk Acoustic Guitar — Slim Cutaway, Natural (Unbranded)","Clean, unbranded slim-body folk cutaway in pale natural finish — light to hold, easy to play, with a simple silver double-ring — Bob Music Store, Beirut.",g,active
squier-stratocaster-sunburst-hardshell-case,"Squier Stratocaster — 2-Tone Sunburst, with Hardshell Case (Used)","<p>Squier (by Fender) Stratocaster in 2-tone brown sunburst with an aged-cream pickguard, fitted with a retro chrome ""ashtray"" bridge cover. Comes with a quality black hardshell case with black plush lining and gold latches — the case alone is a serious value-add. Headstock still in its protective wrap in the photos.</p><ul>
<li>Genuine Squier by Fender Stratocaster</li>
<li>2-tone sunburst, SSS, cream guard</li>
<li>Retro chrome bridge cover fitted</li>
<li>Includes black hardshell case (gold latches)</li>
<li>Excellent condition — see photos</li>
</ul>",Squier,Arts & Entertainment > Hobbies & Creative Arts > Musical Instruments > String Instruments > Guitars,Electric Guitar,"Electric Guitars, Guitars & Bass, Vintage & Collectible, electric guitar, fender, squier, stratocaster, sunburst, used, with case",true,Title,Default Title,,,,,GTR-16,3600,shopify,1,deny,manual,0.00,,true,true,,https://cdn.jsdelivr.net/gh/Divercitieslb/bob-music-store@main/import/images/GTR-16-01.jpg,1,"Squier Stratocaster — 2-Tone Sunburst, with Hardshell Case (Used) — Bob Music Store",false,"Squier Stratocaster — 2-Tone Sunburst, with Hardshell Cas…","Squier (by Fender) Stratocaster in 2-tone brown sunburst with an aged-cream pickguard, fitted with a retro chrome ""ashtray"" — Bob Music Store, Beirut.",g,active
irin-p-style-electric-bass-sunburst,"IRIN Electric Bass — P-Style 4-String, 3-Tone Sunburst","<p>IRIN 4-string P-style bass in classic 3-tone sunburst — black edge fading through red-brown to an amber center — with a white pickguard and chrome hardware. Same spec as our black IRIN bass in the timeless finish.</p><ul>
<li>4-string P-style bass</li>
<li>Split-coil pickup, volume + tone</li>
<li>3-tone sunburst finish</li>
<li>Maple neck, sealed tuners</li>
<li>New shop stock</li>
</ul>",IRIN,Arts & Entertainment > Hobbies & Creative Arts > Musical Instruments > String Instruments > Guitars,Bass Guitar,"Bass Guitars, Guitars & Bass, 4 string, bass guitar, beginner, electric bass, p bass, sunburst",true,Title,Default Title,,,,,GTR-15,4200,shopify,1,deny,manual,0.00,,true,true,,https://cdn.jsdelivr.net/gh/Divercitieslb/bob-music-store@main/import/images/GTR-15-01.jpg,1,"IRIN Electric Bass — P-Style 4-String, 3-Tone Sunburst — Bob Music Store",false,"IRIN Electric Bass — P-Style 4-String, 3-Tone Sunburst","IRIN 4-string P-style bass in classic 3-tone sunburst — black edge fading through red-brown to an amber center — with a white — Bob Music Store, Beirut.",g,active
irin-p-style-electric-bass-gloss-black,"IRIN Electric Bass — P-Style 4-String, Gloss Black","<p>IRIN 4-string electric bass in gloss black — the classic P-style recipe: split-coil pickup on a white pickguard, maple neck, dot-inlay fretboard and chrome hardware. A solid, affordable first bass.</p><ul>
<li>4-string P-style bass</li>
<li>Split-coil pickup, volume + tone</li>
<li>Maple neck, sealed tuners, adjustable bridge/truss rod</li>
<li>Gloss black with white guard</li>
<li>New shop stock</li>
</ul>",IRIN,Arts & Entertainment > Hobbies & Creative Arts > Musical Instruments > String Instruments > Guitars,Bass Guitar,"Bass Guitars, Guitars & Bass, 4 string, bass guitar, beginner, black, electric bass, p bass",true,Title,Default Title,,,,,GTR-14,4200,shopify,1,deny,manual,0.00,,true,true,,https://cdn.jsdelivr.net/gh/Divercitieslb/bob-music-store@main/import/images/GTR-14-01.jpg,1,"IRIN Electric Bass — P-Style 4-String, Gloss Black — Bob Music Store",false,"IRIN Electric Bass — P-Style 4-String, Gloss Black","IRIN 4-string electric bass in gloss black — the classic P-style recipe: split-coil pickup on a white pickguard, maple neck — Bob Music Store, Beirut.",g,active
stratocaster-lake-placid-blue-used,"Stratocaster Electric Guitar — Lake Placid Blue, Figured Maple Neck (Used)","<p>Used Stratocaster in metallic Lake Placid Blue with a beautifully figured (birdseye-style) maple neck and rosewood-tone fretboard. Fender-logo headstock; the pickguard carries collector stickers including a red ""American Special"" pick and a US flag. Classic SSS layout with a 6-saddle tremolo.</p><ul>
<li>Metallic Lake Placid Blue body</li>
<li>Strongly figured maple neck</li>
<li>SSS pickups, chrome tremolo</li>
<li>Used, clean condition — see photos</li>
<li>Serial/spec verification available on request</li>
</ul>",My Store,Arts & Entertainment > Hobbies & Creative Arts > Musical Instruments > String Instruments > Guitars,Electric Guitar,"Electric Guitars, Guitars & Bass, Vintage & Collectible, blue, electric guitar, sss, stratocaster, used",true,Title,Default Title,,,,,GTR-13,3600,shopify,1,deny,manual,0.00,,true,true,,https://cdn.jsdelivr.net/gh/Divercitieslb/bob-music-store@main/import/images/GTR-13-01.jpg,1,"Stratocaster Electric Guitar — Lake Placid Blue, Figured Maple Neck (Used) — Bob Music Store",false,"Stratocaster Electric Guitar — Lake Placid Blue, Figured …","Used Stratocaster in metallic Lake Placid Blue with a beautifully figured (birdseye-style) maple neck and rosewood-tone — Bob Music Store, Beirut.",g,active
stylson-s-style-trans-black-flame-with-case,"Stylson S-Style Electric Guitar — Trans Black Flame, with Case (Vintage)","<p>Stylson S-style electric — a vintage European-market copy brand from the 1970s-80s (French forums remember them as heavy guitars with powerful pickups). Transparent black over a flame maple top, maple fretboard with black dots, three black single coils on a black guard, gold logo on a black headstock. Comes in a black hardshell case with striking red plush lining.</p><ul>
<li>Vintage Stylson S-style (1970s-80s era copy brand)</li>
<li>Trans black flame top, maple board</li>
<li>SSS, chrome tremolo bridge</li>
<li>Includes hardshell case (red plush interior)</li>
<li>Used vintage condition — see photos</li>
</ul>",Stylson,Arts & Entertainment > Hobbies & Creative Arts > Musical Instruments > String Instruments > Guitars,Electric Guitar,"Electric Guitars, Guitars & Bass, Vintage & Collectible, electric guitar, sss, stratocaster style, vintage, with case",true,Title,Default Title,,,,,GTR-12,3600,shopify,1,deny,manual,0.00,,true,true,,https://cdn.jsdelivr.net/gh/Divercitieslb/bob-music-store@main/import/images/GTR-12-01.jpg,1,"Stylson S-Style Electric Guitar — Trans Black Flame, with Case (Vintage) — Bob Music Store",false,"Stylson S-Style Electric Guitar — Trans Black Flame, with…","Stylson S-style electric — a vintage European-market copy brand from the 1970s-80s (French forums remember them as heavy — Bob Music Store, Beirut.",g,active
s-style-electric-guitar-gloss-green,"S-Style Electric Guitar — Gloss Green, SSS","<p>Eye-catching S-style electric in gloss racing green with a white pickguard and three single-coil pickups. Maple neck, dot-inlay fretboard, chrome 6-saddle tremolo bridge — the classic formula in a color you don't see every day.</p><ul>
<li>SSS pickup layout, 5-way switching platform</li>
<li>Chrome tremolo bridge with arm mount</li>
<li>Maple neck, white knobs</li>
<li>Front-mounted jack plate</li>
<li>New shop stock</li>
</ul>",Generic,Arts & Entertainment > Hobbies & Creative Arts > Musical Instruments > String Instruments > Guitars,Electric Guitar,"Electric Guitars, Guitars & Bass, beginner, electric guitar, green, sss, stratocaster style",true,Title,Default Title,,,,,GTR-11,3600,shopify,1,deny,manual,0.00,,true,true,,https://cdn.jsdelivr.net/gh/Divercitieslb/bob-music-store@main/import/images/GTR-11-01.jpg,1,"S-Style Electric Guitar — Gloss Green, SSS — Bob Music Store",false,"S-Style Electric Guitar — Gloss Green, SSS","Eye-catching S-style electric in gloss racing green with a white pickguard and three single-coil pickups — Bob Music Store, Beirut.",g,active
childrens-acoustic-guitar-boxed,Children's Acoustic Guitar (Boxed),"<p>Boxed children's steel-string style guitar — compact size, ideal as a first instrument or gift.</p><ul>
<li>Child-size acoustic guitar</li>
<li>New in box (box shows shelf wear)</li>
</ul>",Generic,Arts & Entertainment > Hobbies & Creative Arts > Musical Instruments > String Instruments > Guitars,Toy Instrument,"Kids' Guitars, Guitars & Bass, Beginner & Student, acoustic guitar, children, gift, kids, toy",true,Title,Default Title,,,,,GTR-10,1200,shopify,1,deny,manual,0.00,,true,true,,https://cdn.jsdelivr.net/gh/Divercitieslb/bob-music-store@main/import/images/GTR-10-01.jpg,1,Children's Acoustic Guitar (Boxed) — Bob Music Store,false,Children's Acoustic Guitar (Boxed),"Boxed children's steel-string style guitar — compact size, ideal as a first instrument or gift — Bob Music Store, Beirut.",g,active
childrens-classical-guitar-boxed,Children's Classical Guitar (Boxed),"<p>Boxed children's classical-style guitar (""Guitarra"") — a fun, affordable first guitar for little hands. Great gift item.</p><ul>
<li>Child-size classical-style guitar</li>
<li>New in box</li>
</ul>",Generic,Arts & Entertainment > Hobbies & Creative Arts > Musical Instruments > String Instruments > Guitars,Toy Instrument,"Kids' Guitars, Guitars & Bass, Beginner & Student, children, classical guitar, gift, kids, toy",true,Title,Default Title,,,,,GTR-09,1200,shopify,1,deny,manual,0.00,,true,true,,https://cdn.jsdelivr.net/gh/Divercitieslb/bob-music-store@main/import/images/GTR-09-01.jpg,1,Children's Classical Guitar (Boxed) — Bob Music Store,false,Children's Classical Guitar (Boxed),"Boxed children's classical-style guitar (""Guitarra"") — a fun, affordable first guitar for little hands — Bob Music Store, Beirut.",g,active
harper-roundback-emerald-green-leaf-soundholes,"Harper Round-Back Acoustic Guitar — Emerald Green Quilt, Leaf Soundholes","<p>The emerald sibling of our charcoal Harper round-back: same Adamas-style leaf soundholes and sharp cutaway, finished in a vivid green burst over quilted maple figure. Rare color, big stage presence.</p><ul>
<li>Adamas-style leaf multi-soundholes (grey + red-brown wood)</li>
<li>Round-back body with sharp cutaway</li>
<li>Emerald green burst over quilted figure</li>
<li>Thin bar bridge with white pin row</li>
<li>Used: light scuffs on lower bout — see photos</li>
</ul>",Harper,Arts & Entertainment > Hobbies & Creative Arts > Musical Instruments > String Instruments > Guitars,Acoustic Guitar,"Acoustic Guitars, Guitars & Bass, acoustic guitar, adamas style, cutaway, green, roundback, steel string",true,Title,Default Title,,,,,GTR-08,2600,shopify,1,deny,manual,0.00,,true,true,,https://cdn.jsdelivr.net/gh/Divercitieslb/bob-music-store@main/import/images/GTR-08-01.jpg,1,"Harper Round-Back Acoustic Guitar — Emerald Green Quilt, Leaf Soundholes — Bob Music Store",false,"Harper Round-Back Acoustic Guitar — Emerald Green Quilt, …","The emerald sibling of our charcoal Harper round-back: same Adamas-style leaf soundholes and sharp cutaway, finished in a vivid — Bob Music Store, Beirut.",g,active
harper-roundback-charcoal-leaf-soundholes,"Harper Round-Back Acoustic Guitar — Charcoal Flame, Leaf Soundholes","<p>Harper round-back acoustic in the Adamas style: instead of a center soundhole it breathes through two leaf-shaped multi-hole wooden epaulets on the upper bouts. Deep charcoal burst over flame maple figure, sharp cutaway horn, and a wooden wing bridge with pearl dots. A conversation-starter with a modern, focused voice.</p><ul>
<li>Adamas-style leaf multi-soundholes</li>
<li>Round-back body with sharp cutaway</li>
<li>Charcoal/black burst over flame figure</li>
<li>Chrome tuners on wood-faced headstock</li>
<li>Used: light smudges/scuffs on gloss — see photos</li>
</ul>",Harper,Arts & Entertainment > Hobbies & Creative Arts > Musical Instruments > String Instruments > Guitars,Acoustic Guitar,"Acoustic Guitars, Guitars & Bass, acoustic guitar, adamas style, cutaway, roundback, steel string",true,Title,Default Title,,,,,GTR-07,2600,shopify,1,deny,manual,0.00,,true,true,,https://cdn.jsdelivr.net/gh/Divercitieslb/bob-music-store@main/import/images/GTR-07-01.jpg,1,"Harper Round-Back Acoustic Guitar — Charcoal Flame, Leaf Soundholes — Bob Music Store",false,"Harper Round-Back Acoustic Guitar — Charcoal Flame, Leaf …","Harper round-back acoustic in the Adamas style: instead of a center soundhole it breathes through two leaf-shaped multi-hole — Bob Music Store, Beirut.",g,active
sun-and-sound-3920-bs-roundback-honey-sunburst,Sun & Sound 3920/BS Round-Back Acoustic Guitar — Honey Sunburst,"<p>Ovation-style round-back acoustic by Sun &amp; Sound (item 3920/BS) in a warm honey/tobacco sunburst over flame figure. The rounded composite back projects brightly and cuts through in a band setting; conventional round soundhole with a cream multi-ring rosette.</p><ul>
<li>Round-back (Ovation-style) body</li>
<li>Honey sunburst over flame-figure top</li>
<li>Cream body binding, wing-shaped bridge</li>
<li>Labelled: Sun &amp; Sound, item no. 3920/BS</li>
<li>Buffed scuff patches on the lower bout gloss — priced accordingly, see photos</li>
</ul>",Sun & Sound,Arts & Entertainment > Hobbies & Creative Arts > Musical Instruments > String Instruments > Guitars,Acoustic Guitar,"Acoustic Guitars, Guitars & Bass, acoustic guitar, ovation style, roundback, steel string, sunburst",true,Title,Default Title,,,,,GTR-06,2600,shopify,1,deny,manual,0.00,,true,true,,https://cdn.jsdelivr.net/gh/Divercitieslb/bob-music-store@main/import/images/GTR-06-01.jpg,1,Sun & Sound 3920/BS Round-Back Acoustic Guitar — Honey Sunburst — Bob Music Store,false,Sun & Sound 3920/BS Round-Back Acoustic Guitar — Honey Su…,"Ovation-style round-back acoustic by Sun & Sound (item 3920/BS) in a warm honey/tobacco sunburst over flame figure — Bob Music Store, Beirut.",g,active
sun-and-sound-3920-bs-roundback-honey-sunburst,,,,,,,,,,,,,,,,,,,,,,,,,https://cdn.jsdelivr.net/gh/Divercitieslb/bob-music-store@main/import/images/GTR-06-02.jpg,2,Sun & Sound 3920/BS Round-Back Acoustic Guitar — Honey Sunburst — view 2,,,,,
kapok-0-27bk-black-auditorium-butterfly-inlay,"Kapok 0-27BK Acoustic Guitar — Black Auditorium, Butterfly Inlay","<p>Kapok 0-27BK in gloss black — a slimmer-waisted auditorium body that's comfortable to hold, dressed up with a pearl butterfly inlay at the 12th fret, an ornate white/abalone-style vine rosette and cream multi-ply binding. No pickguard for a clean face.</p><ul>
<li>Model: 0-27BK (label inside soundhole, serial KC076955)</li>
<li>Auditorium body, steel strings</li>
<li>Gloss black with cream binding</li>
<li>Butterfly 12th-fret inlay, vine rosette</li>
<li>New shop stock (light smudges on gloss — see photos)</li>
</ul>",Kapok,Arts & Entertainment > Hobbies & Creative Arts > Musical Instruments > String Instruments > Guitars,Acoustic Guitar,"Acoustic Guitars, Guitars & Bass, acoustic guitar, auditorium, black, kapok, steel string",true,Title,Default Title,,,,,GTR-05,2600,shopify,1,deny,manual,0.00,,true,true,,https://cdn.jsdelivr.net/gh/Divercitieslb/bob-music-store@main/import/images/GTR-05-01.jpg,1,"Kapok 0-27BK Acoustic Guitar — Black Auditorium, Butterfly Inlay — Bob Music Store",false,"Kapok 0-27BK Acoustic Guitar — Black Auditorium, Butterfl…","Kapok 0-27BK in gloss black — a slimmer-waisted auditorium body that's comfortable to hold, dressed up with a pearl butterfly — Bob Music Store, Beirut.",g,active
kapok-0-27bk-black-auditorium-butterfly-inlay,,,,,,,,,,,,,,,,,,,,,,,,,https://cdn.jsdelivr.net/gh/Divercitieslb/bob-music-store@main/import/images/GTR-05-02.jpg,2,"Kapok 0-27BK Acoustic Guitar — Black Auditorium, Butterfly Inlay — view 2",,,,,
lanzhiji-matte-black-cutaway-dreadnought,Lanzhiji Acoustic Guitar — Matte Black Cutaway Dreadnought,"<p>All-black matte cutaway dreadnought by Lanzhiji (蓝之吉) with a silver concentric-ring rosette and chrome tuners. Stealthy looks at a beginner-friendly price.</p><ul>
<li>Cutaway dreadnought, steel strings</li>
<li>Matte black top, back and sides</li>
<li>Silver ring rosette, cream-dot bridge pins</li>
<li>Chrome tuners</li>
<li>New shop stock</li>
</ul>",Lanzhiji,Arts & Entertainment > Hobbies & Creative Arts > Musical Instruments > String Instruments > Guitars,Acoustic Guitar,"Acoustic Guitars, Guitars & Bass, acoustic guitar, black, cutaway, dreadnought, matte, steel string",true,Title,Default Title,,,,,GTR-04,2600,shopify,1,deny,manual,0.00,,true,true,,https://cdn.jsdelivr.net/gh/Divercitieslb/bob-music-store@main/import/images/GTR-04-01.jpg,1,Lanzhiji Acoustic Guitar — Matte Black Cutaway Dreadnought — Bob Music Store,false,Lanzhiji Acoustic Guitar — Matte Black Cutaway Dreadnought,"All-black matte cutaway dreadnought by Lanzhiji (蓝之吉) with a silver concentric-ring rosette and chrome tuners — Bob Music Store, Beirut.",g,active
lanzhiji-matte-black-cutaway-dreadnought,,,,,,,,,,,,,,,,,,,,,,,,,https://cdn.jsdelivr.net/gh/Divercitieslb/bob-music-store@main/import/images/GTR-04-02.jpg,2,Lanzhiji Acoustic Guitar — Matte Black Cutaway Dreadnought — view 2,,,,,
diana-729-vintage-design-matte-grey-dreadnought,Diana 729 Vintage Design Acoustic Guitar — Matte Grey Cutaway Dreadnought,"<p>Diana ""729 Vintage Design"" cutaway dreadnought (Ya Jia International) in an on-trend matte graphite grey with a striking orange-gold leaf mosaic rosette and no pickguard for a clean look. A great-looking stage and bedroom guitar.</p><ul>
<li>Diana 729 series (label inside soundhole, serial D-YJ015840)</li>
<li>Cutaway dreadnought, steel strings</li>
<li>Matte graphite grey finish, black hardware</li>
<li>Orange leaf-mosaic rosette</li>
<li>New shop stock</li>
</ul>",Diana,Arts & Entertainment > Hobbies & Creative Arts > Musical Instruments > String Instruments > Guitars,Acoustic Guitar,"Acoustic Guitars, Guitars & Bass, Vintage & Collectible, acoustic guitar, cutaway, dreadnought, grey, matte, steel string",true,Title,Default Title,,,,,GTR-03,2600,shopify,1,deny,manual,0.00,,true,true,,https://cdn.jsdelivr.net/gh/Divercitieslb/bob-music-store@main/import/images/GTR-03-01.jpg,1,Diana 729 Vintage Design Acoustic Guitar — Matte Grey Cutaway Dreadnought — Bob Music Store,false,Diana 729 Vintage Design Acoustic Guitar — Matte Grey Cut…,"Diana ""729 Vintage Design"" cutaway dreadnought (Ya Jia International) in an on-trend matte graphite grey with a striking — Bob Music Store, Beirut.",g,active
diana-729-vintage-design-matte-grey-dreadnought,,,,,,,,,,,,,,,,,,,,,,,,,https://cdn.jsdelivr.net/gh/Divercitieslb/bob-music-store@main/import/images/GTR-03-02.jpg,2,Diana 729 Vintage Design Acoustic Guitar — Matte Grey Cutaway Dreadnought — view 2,,,,,
kapok-fld-cutaway-dreadnought-wine-red,"Kapok FLD-Series Acoustic Guitar — Cutaway Dreadnought, Wine Red Quilt","<p>Kapok FLD-series cutaway dreadnought in a deep transparent wine red over a quilted-figure top — the same body as our cherry sunburst FLD-20CCS in a bolder finish. Chrome die-cast tuners, white multi-ring rosette, black teardrop pickguard.</p><ul>
<li>Kapok FLD series (label inside soundhole)</li>
<li>Cutaway dreadnought body, steel strings</li>
<li>Transparent wine red over quilted figure</li>
<li>Chrome die-cast tuners</li>
<li>New shop stock (light showroom marks on gloss possible — see photos)</li>
</ul>",Kapok,Arts & Entertainment > Hobbies & Creative Arts > Musical Instruments > String Instruments > Guitars,Acoustic Guitar,"Acoustic Guitars, Guitars & Bass, acoustic guitar, cutaway, dreadnought, kapok, red, steel string",true,Title,Default Title,,,,,GTR-02,2600,shopify,1,deny,manual,0.00,,true,true,,https://cdn.jsdelivr.net/gh/Divercitieslb/bob-music-store@main/import/images/GTR-02-01.jpg,1,"Kapok FLD-Series Acoustic Guitar — Cutaway Dreadnought, Wine Red Quilt — Bob Music Store",false,"Kapok FLD-Series Acoustic Guitar — Cutaway Dreadnought, W…","Kapok FLD-series cutaway dreadnought in a deep transparent wine red over a quilted-figure top — the same body as our cherry — Bob Music Store, Beirut.",g,active
kapok-fld-20ccs-cutaway-dreadnought-cherry-sunburst,"Kapok FLD-20CCS Acoustic Guitar — Cutaway Dreadnought, Cherry Sunburst","<p>Kapok FLD-20CCS cutaway dreadnought in a cherry/amber sunburst over a flame-figured top. Kapok is one of China's longest-running guitar makers (est. 1957), known for solid value beginner and intermediate instruments. Comfortable cutaway access to the upper frets, chrome die-cast tuners, and a classic teardrop pickguard.</p><ul>
<li>Model: FLD-20CCS (label inside soundhole, serial KD062250)</li>
<li>Cutaway dreadnought body, steel strings</li>
<li>Cherry sunburst over flame-figure top</li>
<li>Chrome die-cast tuners, white bridge pins</li>
<li>New shop stock</li>
</ul>",Kapok,Arts & Entertainment > Hobbies & Creative Arts > Musical Instruments > String Instruments > Guitars,Acoustic Guitar,"Acoustic Guitars, Guitars & Bass, acoustic guitar, cutaway, dreadnought, kapok, steel string, sunburst",true,Title,Default Title,,,,,GTR-01,2600,shopify,1,deny,manual,0.00,,true,true,,https://cdn.jsdelivr.net/gh/Divercitieslb/bob-music-store@main/import/images/GTR-01-01.jpg,1,"Kapok FLD-20CCS Acoustic Guitar — Cutaway Dreadnought, Cherry Sunburst — Bob Music Store",false,"Kapok FLD-20CCS Acoustic Guitar — Cutaway Dreadnought, Ch…","Kapok FLD-20CCS cutaway dreadnought in a cherry/amber sunburst over a flame-figured top — Bob Music Store, Beirut.",g,active
kapok-fld-20ccs-cutaway-dreadnought-cherry-sunburst,,,,,,,,,,,,,,,,,,,,,,,,,https://cdn.jsdelivr.net/gh/Divercitieslb/bob-music-store@main/import/images/GTR-01-02.jpg,2,"Kapok FLD-20CCS Acoustic Guitar — Cutaway Dreadnought, Cherry Sunburst — view 2",,,,,
oud-dark-painted-bowl-budget,"Oud — Dark Painted Bowl, Metal-Head Pegs (Used)","<p>Budget-friendly oud with a deep plum-brown painted bowl featuring a wide inset back panel and pegs with flat silver metal heads — an easy-turning alternative to plain friction pegs. A practical starter oud.</p><ul>
<li>Dark painted bowl with inset back panel</li>
<li>Silver flat-disc peg heads</li>
<li>Used condition: paint scuffs and edge wear — see photos</li>
<li>Sold as-is</li>
</ul>",Handmade,Arts & Entertainment > Hobbies & Creative Arts > Musical Instruments > String Instruments,Oud,"Oud, Arabic Instruments, Vintage & Collectible, budget, middle eastern, string instrument, used",true,Title,Default Title,,,,,OUD-11,2400,shopify,1,deny,manual,0.00,,true,true,,https://cdn.jsdelivr.net/gh/Divercitieslb/bob-music-store@main/import/images/OUD-11-01.jpg,1,"Oud — Dark Painted Bowl, Metal-Head Pegs (Used) — Bob Music Store",false,"Oud — Dark Painted Bowl, Metal-Head Pegs (Used)","Budget-friendly oud with a deep plum-brown painted bowl featuring a wide inset back panel and pegs with flat silver metal heads — Bob Music Store, Beirut.",g,active
gamal-oud-made-in-kuwait-crown-pickguard,"Gamal Oud — Made in Kuwait, Crown Pickguard (Used)","<p>Workshop-labelled oud from Al-Khaleej (Gulf) Musical Instruments, made in Kuwait, with the maker's gold-printed crown-shaped pickguard signed ""Gamal"". Distinctive octagonal black frames around all three soundholes and a mustache-tip bridge. A characterful, played-in instrument with its paper workshop label still inside the soundhole.</p><ul>
<li>Maker's label inside: Al-Khaleej Musical Instruments, made in Kuwait</li>
<li>Gold-printed ""Gamal"" crown pickguard</li>
<li>Octagonal soundhole frames (unique in our stock)</li>
<li>Black T-bar pegs</li>
<li>Used condition: aged/yellowed top, honest wear — see photos</li>
</ul>",Gamal,Arts & Entertainment > Hobbies & Creative Arts > Musical Instruments > String Instruments,Oud,"Oud, Arabic Instruments, Vintage & Collectible, kuwait, middle eastern, string instrument, used",true,Title,Default Title,,,,,OUD-10,2400,shopify,1,deny,manual,0.00,,true,true,,https://cdn.jsdelivr.net/gh/Divercitieslb/bob-music-store@main/import/images/OUD-10-01.jpg,1,"Gamal Oud — Made in Kuwait, Crown Pickguard (Used) — Bob Music Store",false,"Gamal Oud — Made in Kuwait, Crown Pickguard (Used)","Workshop-labelled oud from Al-Khaleej (Gulf) Musical Instruments, made in Kuwait, with the maker's gold-printed crown-shaped — Bob Music Store, Beirut.",g,active
electro-acoustic-oud-pickup-machine-tuners,Electro-Acoustic Oud — Built-In Pickup & Machine Tuners,"<p>Stage-ready electro-acoustic oud. Instead of friction pegs it has a slotted headstock with geared machine tuners — tuning stability closer to a guitar — plus a built-in pickup/preamp with side-mounted controls for direct amplification. White lace-filigree rosette and a gold lyre emblem on the black pickguard complete the look, in an all-black gloss bowl.</p><ul>
<li>Built-in pickup with side control unit</li>
<li>Geared machine tuners (slotted headstock) — no slipping pegs</li>
<li>Lace filigree rosette, lyre emblem pickguard</li>
<li>All-black gloss bowl</li>
<li>Plug straight into any amp or PA</li>
</ul>",Handmade,Arts & Entertainment > Hobbies & Creative Arts > Musical Instruments > String Instruments,Oud,"Oud, Arabic Instruments, electro acoustic, middle eastern, pickup, stage, string instrument",true,Title,Default Title,,,,,OUD-09,2400,shopify,1,deny,manual,0.00,,true,true,,https://cdn.jsdelivr.net/gh/Divercitieslb/bob-music-store@main/import/images/OUD-09-01.jpg,1,Electro-Acoustic Oud — Built-In Pickup & Machine Tuners — Bob Music Store,false,Electro-Acoustic Oud — Built-In Pickup & Machine Tuners,"Stage-ready electro-acoustic oud. Instead of friction pegs it has a slotted headstock with geared machine tuners — tuning — Bob Music Store, Beirut.",g,active
electro-acoustic-oud-pickup-machine-tuners,,,,,,,,,,,,,,,,,,,,,,,,,https://cdn.jsdelivr.net/gh/Divercitieslb/bob-music-store@main/import/images/OUD-09-02.jpg,2,Electro-Acoustic Oud — Built-In Pickup & Machine Tuners — view 2,,,,,
vintage-oud-oval-arabesque-rosette-marquetry,"Vintage Oud — Oval Arabesque Rosette, Vine Marquetry Bowl","<p>Vintage oud with real presence: an oval black-and-white carved arabesque main rosette (rare — most are round), pinwheel side rosettes, and an oversized walnut-tone pickguard sweeping under the strings. The bowl alternates light and dark ribs with a floral vine marquetry band running down the center of the back.</p><ul>
<li>Oval carved arabesque main rosette</li>
<li>Floral vine marquetry down the back</li>
<li>Aged, played-in soundboard with vintage patina</li>
<li>Traditional dark wood pegs</li>
<li>Vintage condition — honest wear, see photos</li>
</ul>",Handmade,Arts & Entertainment > Hobbies & Creative Arts > Musical Instruments > String Instruments,Oud,"Oud, Arabic Instruments, Vintage & Collectible, middle eastern, string instrument, vintage",true,Title,Default Title,,,,,OUD-08,2400,shopify,1,deny,manual,0.00,,true,true,,https://cdn.jsdelivr.net/gh/Divercitieslb/bob-music-store@main/import/images/OUD-08-01.jpg,1,"Vintage Oud — Oval Arabesque Rosette, Vine Marquetry Bowl — Bob Music Store",false,"Vintage Oud — Oval Arabesque Rosette, Vine Marquetry Bowl","Vintage oud with real presence: an oval black-and-white carved arabesque main rosette (rare — most are round), pinwheel side — Bob Music Store, Beirut.",g,active
vintage-oud-oval-arabesque-rosette-marquetry,,,,,,,,,,,,,,,,,,,,,,,,,https://cdn.jsdelivr.net/gh/Divercitieslb/bob-music-store@main/import/images/OUD-08-02.jpg,2,"Vintage Oud — Oval Arabesque Rosette, Vine Marquetry Bowl — view 2",,,,,
mosaic-sadaf-oud-full-mother-of-pearl,Mosaic Sadaf Oud — Full Mother-of-Pearl Marquetry Showpiece,"<p>A spectacular Egyptian-style sadaf oud: the entire bowl, neck and pegbox are covered in geometric mosaic marquetry of mother-of-pearl and dark wood, with a framed teardrop panel on the back. The front carries matching sawtooth rosette rings around all three soundholes and a harlequin diamond fingerboard. As much a work of art as an instrument.</p><ul>
<li>Full-coverage sadaf mosaic (bowl, neck, pegbox)</li>
<li>Harlequin diamond marquetry fingerboard</li>
<li>Sawtooth black/white rosette rings</li>
<li>Pale bone-tone pegs</li>
<li>One-of-a-kind showpiece — the photographed instrument is the exact one you receive</li>
</ul>",Handmade,Arts & Entertainment > Hobbies & Creative Arts > Musical Instruments > String Instruments,Oud,"Oud, Arabic Instruments, handmade, middle eastern, mother of pearl, sadaf, showpiece, string instrument",true,Title,Default Title,,,,,OUD-07,2400,shopify,1,deny,manual,0.00,,true,true,,https://cdn.jsdelivr.net/gh/Divercitieslb/bob-music-store@main/import/images/OUD-07-01.jpg,1,Mosaic Sadaf Oud — Full Mother-of-Pearl Marquetry Showpiece — Bob Music Store,false,Mosaic Sadaf Oud — Full Mother-of-Pearl Marquetry Showpiece,"A spectacular Egyptian-style sadaf oud: the entire bowl, neck and pegbox are covered in geometric mosaic marquetry — Bob Music Store, Beirut.",g,active
mosaic-sadaf-oud-full-mother-of-pearl,,,,,,,,,,,,,,,,,,,,,,,,,https://cdn.jsdelivr.net/gh/Divercitieslb/bob-music-store@main/import/images/OUD-07-02.jpg,2,Mosaic Sadaf Oud — Full Mother-of-Pearl Marquetry Showpiece — view 2,,,,,
handmade-oud-blonde-top-glitter-pickguard,"Handmade Oud — Blonde Top, Glitter Pickguard, Mahogany-Tone Bowl","<p>Modern-look handmade oud pairing a very pale blonde soundboard with a sparkly deep-navy glitter pickguard. The back is a smooth reddish mahogany-tone bowl with nearly invisible rib joints and a two-tone neck. Clean, minimal and eye-catching on stage.</p><ul>
<li>Pale blonde top with three open soundholes</li>
<li>Glitter navy mustache pickguard</li>
<li>Seamless mahogany-tone bowl, two-tone neck</li>
<li>Black spade-style pegs, white nylon trebles</li>
<li>New condition</li>
</ul>",Handmade,Arts & Entertainment > Hobbies & Creative Arts > Musical Instruments > String Instruments,Oud,"Oud, Arabic Instruments, handmade, middle eastern, new, string instrument",true,Title,Default Title,,,,,OUD-06,2400,shopify,1,deny,manual,0.00,,true,true,,https://cdn.jsdelivr.net/gh/Divercitieslb/bob-music-store@main/import/images/OUD-06-01.jpg,1,"Handmade Oud — Blonde Top, Glitter Pickguard, Mahogany-Tone Bowl — Bob Music Store",false,"Handmade Oud — Blonde Top, Glitter Pickguard, Mahogany-To…","Modern-look handmade oud pairing a very pale blonde soundboard with a sparkly deep-navy glitter pickguard — Bob Music Store, Beirut.",g,active
handmade-oud-blonde-top-glitter-pickguard,,,,,,,,,,,,,,,,,,,,,,,,,https://cdn.jsdelivr.net/gh/Divercitieslb/bob-music-store@main/import/images/OUD-06-02.jpg,2,"Handmade Oud — Blonde Top, Glitter Pickguard, Mahogany-Tone Bowl — view 2",,,,,
oud-open-soundhole-candy-stripe-bowl-used,"Oud — Open Soundhole, Orange & Cream Striped Bowl (Used)","<p>Older traditional oud with a bare open oval soundhole (no rosette), a block-striped neck face, and a bright candy-striped bowl in alternating orange and cream ribs. A characterful player's instrument at an accessible price.</p><ul>
<li>Open oval soundhole, traditional style</li>
<li>High-contrast striped bowl, pale neck</li>
<li>Black spade-style pegs</li>
<li>Used condition: visible wear including a dark patch on the lower bout (old repair/reinforcement) — see photos</li>
<li>Sold as-is; ideal as a starter or wall-worthy character piece</li>
</ul>",Handmade,Arts & Entertainment > Hobbies & Creative Arts > Musical Instruments > String Instruments,Oud,"Oud, Arabic Instruments, Vintage & Collectible, middle eastern, string instrument, used",true,Title,Default Title,,,,,OUD-05,2400,shopify,1,deny,manual,0.00,,true,true,,https://cdn.jsdelivr.net/gh/Divercitieslb/bob-music-store@main/import/images/OUD-05-01.jpg,1,"Oud — Open Soundhole, Orange & Cream Striped Bowl (Used) — Bob Music Store",false,"Oud — Open Soundhole, Orange & Cream Striped Bowl (Used)","Older traditional oud with a bare open oval soundhole (no rosette), a block-striped neck face, and a bright candy-striped bowl — Bob Music Store, Beirut.",g,active
oud-open-soundhole-candy-stripe-bowl-used,,,,,,,,,,,,,,,,,,,,,,,,,https://cdn.jsdelivr.net/gh/Divercitieslb/bob-music-store@main/import/images/OUD-05-02.jpg,2,"Oud — Open Soundhole, Orange & Cream Striped Bowl (Used) — view 2",,,,,
handmade-oud-burned-arabesque-honey-bowl,"Handmade Oud — Burned Arabesque Top, Fine-Rib Honey Bowl","<p>Handmade oud with rustic character: the pale soundboard is decorated with two burned arabesque motifs on the upper bout and walnut corner patches at the lower edges, framed by checkered black-and-white binding. The bowl is built from narrow honey-brown ribs separated by fine light purfling lines — refined traditional work.</p><ul>
<li>Burned arabesque decoration on the top</li>
<li>Checkered black/white binding</li>
<li>Narrow-rib honey bowl with fine separator lines</li>
<li>Walnut-tone mustache pickguard and corner patches</li>
<li>Traditional dark wood pegs</li>
</ul>",Handmade,Arts & Entertainment > Hobbies & Creative Arts > Musical Instruments > String Instruments,Oud,"Oud, Arabic Instruments, handmade, middle eastern, string instrument",true,Title,Default Title,,,,,OUD-04,2400,shopify,1,deny,manual,0.00,,true,true,,https://cdn.jsdelivr.net/gh/Divercitieslb/bob-music-store@main/import/images/OUD-04-01.jpg,1,"Handmade Oud — Burned Arabesque Top, Fine-Rib Honey Bowl — Bob Music Store",false,"Handmade Oud — Burned Arabesque Top, Fine-Rib Honey Bowl","Handmade oud with rustic character: the pale soundboard is decorated with two burned arabesque motifs on the upper bout — Bob Music Store, Beirut.",g,active
handmade-oud-burned-arabesque-honey-bowl,,,,,,,,,,,,,,,,,,,,,,,,,https://cdn.jsdelivr.net/gh/Divercitieslb/bob-music-store@main/import/images/OUD-04-02.jpg,2,"Handmade Oud — Burned Arabesque Top, Fine-Rib Honey Bowl — view 2",,,,,
handmade-oud-treble-clef-rosette,"Handmade Oud — Carved Treble-Clef Rosette, Wide-Rib Bowl","<p>Handmade oud with a natural soundboard and a distinctive hand-carved main rosette combining a treble clef with calligraphy-style ornament, plus two carved pinwheel side rosettes. The bowl is built from wide, cleanly joined ribs with attractive natural figuring, fitted with traditional wooden pegs.</p><ul>
<li>Carved treble-clef main rosette + pinwheel side rosettes</li>
<li>Walnut-tone mustache pickguard</li>
<li>Wide-rib bowl with natural ray-fleck figuring</li>
<li>Traditional turned wood pegs</li>
<li>Fine black/white rope binding</li>
</ul>",Handmade,Arts & Entertainment > Hobbies & Creative Arts > Musical Instruments > String Instruments,Oud,"Oud, Arabic Instruments, handmade, middle eastern, new, string instrument",true,Title,Default Title,,,,,OUD-03,2400,shopify,1,deny,manual,0.00,,true,true,,https://cdn.jsdelivr.net/gh/Divercitieslb/bob-music-store@main/import/images/OUD-03-01.jpg,1,"Handmade Oud — Carved Treble-Clef Rosette, Wide-Rib Bowl — Bob Music Store",false,"Handmade Oud — Carved Treble-Clef Rosette, Wide-Rib Bowl","Handmade oud with a natural soundboard and a distinctive hand-carved main rosette combining a treble clef — Bob Music Store, Beirut.",g,active
handmade-oud-treble-clef-rosette,,,,,,,,,,,,,,,,,,,,,,,,,https://cdn.jsdelivr.net/gh/Divercitieslb/bob-music-store@main/import/images/OUD-03-02.jpg,2,"Handmade Oud — Carved Treble-Clef Rosette, Wide-Rib Bowl — view 2",,,,,
vintage-ornate-oud-mother-of-pearl-mosaic,Vintage Ornate Oud — Mother-of-Pearl Stars & Mosaic Inlay,"<p>A richly decorated vintage oud for players and collectors alike. The aged golden soundboard is ringed with mother-of-pearl star medallions around all three soundholes, the fingerboard carries a floral mother-of-pearl vine inlay, and the back features three vertical mosaic marquetry bands over amber and dark striped ribs.</p><ul>
<li>Mother-of-pearl star medallions and floral fingerboard inlay</li>
<li>Black pickguard with central pearl diamond</li>
<li>Checkerboard edge binding</li>
<li>Three mosaic inlay bands on the bowl</li>
<li>Vintage condition: aged patina, honest wear consistent with age — see photos; will need a fresh string set</li>
</ul>",Handmade,Arts & Entertainment > Hobbies & Creative Arts > Musical Instruments > String Instruments,Oud,"Oud, Arabic Instruments, Vintage & Collectible, collector, middle eastern, mother of pearl, string instrument, vintage",true,Title,Default Title,,,,,OUD-02,2400,shopify,1,deny,manual,0.00,,true,true,,https://cdn.jsdelivr.net/gh/Divercitieslb/bob-music-store@main/import/images/OUD-02-01.jpg,1,Vintage Ornate Oud — Mother-of-Pearl Stars & Mosaic Inlay — Bob Music Store,false,Vintage Ornate Oud — Mother-of-Pearl Stars & Mosaic Inlay,"A richly decorated vintage oud for players and collectors alike. The aged golden soundboard is ringed with mother-of-pearl star — Bob Music Store, Beirut.",g,active
vintage-ornate-oud-mother-of-pearl-mosaic,,,,,,,,,,,,,,,,,,,,,,,,,https://cdn.jsdelivr.net/gh/Divercitieslb/bob-music-store@main/import/images/OUD-02-02.jpg,2,Vintage Ornate Oud — Mother-of-Pearl Stars & Mosaic Inlay — view 2,,,,,
handmade-oud-carved-flower-rosette-striped-bowl,"Handmade Oud — Carved Flower Rosette, Two-Tone Inlaid Bowl","<p>Handmade oud with a light spruce-style soundboard and a striking two-tone bowl: dark chocolate ribs inlaid with pale lance-shaped stripes and stacked diamond accents, finished in high gloss. The main soundhole carries a hand-carved flower-of-life rosette with a lace border, flanked by two smaller carved side rosettes.</p><ul>
<li>Carved main rosette + two side rosettes</li>
<li>Walnut-tone kite-shaped pickguard</li>
<li>Dark neck with black spade-style pegs (6+6)</li>
<li>High-gloss inlaid back</li>
<li>The photographed instrument is the exact one you receive</li>
</ul>",Handmade,Arts & Entertainment > Hobbies & Creative Arts > Musical Instruments > String Instruments,Oud,"Oud, Arabic Instruments, handmade, middle eastern, new, string instrument",true,Title,Default Title,,,,,OUD-01,2400,shopify,1,deny,manual,0.00,,true,true,,https://cdn.jsdelivr.net/gh/Divercitieslb/bob-music-store@main/import/images/OUD-01-01.jpg,1,"Handmade Oud — Carved Flower Rosette, Two-Tone Inlaid Bowl — Bob Music Store",false,"Handmade Oud — Carved Flower Rosette, Two-Tone Inlaid Bowl","Handmade oud with a light spruce-style soundboard and a striking two-tone bowl: dark chocolate ribs inlaid with pale — Bob Music Store, Beirut.",g,active
handmade-oud-carved-flower-rosette-striped-bowl,,,,,,,,,,,,,,,,,,,,,,,,,https://cdn.jsdelivr.net/gh/Divercitieslb/bob-music-store@main/import/images/OUD-01-02.jpg,2,"Handmade Oud — Carved Flower Rosette, Two-Tone Inlaid Bowl — view 2",,,,,
mosaic-darbuka-blue-magenta-diamond-mosaic,Mosaic Darbuka — Blue & Magenta Diamond Mosaic,"<p>A hand-decorated darbuka (doumbek) with a vivid cobalt-blue ground with magenta and white diamond columns running the full height of the shell. Cast aluminium shell with a tuneable synthetic head and a bolt-tuned rim, so it holds pitch through changes in humidity — the reason these travel and gig so well. The mosaic is applied and finished by hand, so no two shells are ever identical.</p>",Handmade,Arts & Entertainment > Hobbies & Creative Arts > Musical Instruments > Percussion,Darbuka,"Darbuka, Percussion, Arabic Instruments, doumbek, tabla, arabic percussion, mosaic, hand drum, middle eastern",true,Title,Default Title,,,,,DRM-56,2200,shopify,1,deny,manual,0.00,,true,true,,https://cdn.jsdelivr.net/gh/Divercitieslb/bob-music-store@main/import/images/DRM-56-01.jpg,1,Mosaic Darbuka — Blue & Magenta Diamond Mosaic — Bob Music Store,false,Mosaic Darbuka — Blue & Magenta Diamond Mosaic,"A hand-decorated darbuka (doumbek) with a vivid cobalt-blue ground with magenta and white diamond columns running the full — Bob Music Store, Beirut.",g,active
mosaic-darbuka-cream-rosette-medallions-honeycomb-neck,Mosaic Darbuka — Cream Rosette Medallions & Honeycomb Neck,"<p>A hand-decorated darbuka (doumbek) with cream mother-of-pearl mosaic with two large rosette medallions on the bowl and a fine honeycomb lattice down the waist. Cast aluminium shell with a tuneable synthetic head and a bolt-tuned rim, so it holds pitch through changes in humidity — the reason these travel and gig so well. The mosaic is applied and finished by hand, so no two shells are ever identical.</p>",Handmade,Arts & Entertainment > Hobbies & Creative Arts > Musical Instruments > Percussion,Darbuka,"Darbuka, Percussion, Arabic Instruments, doumbek, tabla, arabic percussion, mosaic, hand drum, middle eastern",true,Title,Default Title,,,,,DRM-57,2200,shopify,1,deny,manual,0.00,,true,true,,https://cdn.jsdelivr.net/gh/Divercitieslb/bob-music-store@main/import/images/DRM-57-01.jpg,1,Mosaic Darbuka — Cream Rosette Medallions & Honeycomb Neck — Bob Music Store,false,Mosaic Darbuka — Cream Rosette Medallions & Honeycomb Neck,"A hand-decorated darbuka (doumbek) with cream mother-of-pearl mosaic with two large rosette medallions on the bowl and a fine — Bob Music Store, Beirut.",g,active
mosaic-darbuka-monochrome-diamond-lattice,Mosaic Darbuka — Monochrome Diamond Lattice,"<p>A hand-decorated darbuka (doumbek) with a dense black-and-white diamond lattice covering the entire shell, one of the crispest geometric patterns in the set. Cast aluminium shell with a tuneable synthetic head and a bolt-tuned rim, so it holds pitch through changes in humidity — the reason these travel and gig so well. The mosaic is applied and finished by hand, so no two shells are ever identical.</p>",Handmade,Arts & Entertainment > Hobbies & Creative Arts > Musical Instruments > Percussion,Darbuka,"Darbuka, Percussion, Arabic Instruments, doumbek, tabla, arabic percussion, mosaic, hand drum, middle eastern",true,Title,Default Title,,,,,DRM-58,2200,shopify,1,deny,manual,0.00,,true,true,,https://cdn.jsdelivr.net/gh/Divercitieslb/bob-music-store@main/import/images/DRM-58-01.jpg,1,Mosaic Darbuka — Monochrome Diamond Lattice — Bob Music Store,false,Mosaic Darbuka — Monochrome Diamond Lattice,"A hand-decorated darbuka (doumbek) with a dense black-and-white diamond lattice covering the entire shell, one of the crispest — Bob Music Store, Beirut.",g,active
mosaic-darbuka-cream-snowflake-star-motifs,Mosaic Darbuka — Cream Snowflake & Star Motifs,"<p>A hand-decorated darbuka (doumbek) with a pale cream ground scattered with small black snowflake and star motifs, with banded borders at the head and foot. Cast aluminium shell with a tuneable synthetic head and a bolt-tuned rim, so it holds pitch through changes in humidity — the reason these travel and gig so well. The mosaic is applied and finished by hand, so no two shells are ever identical.</p>",Handmade,Arts & Entertainment > Hobbies & Creative Arts > Musical Instruments > Percussion,Darbuka,"Darbuka, Percussion, Arabic Instruments, doumbek, tabla, arabic percussion, mosaic, hand drum, middle eastern",true,Title,Default Title,,,,,DRM-59,2200,shopify,1,deny,manual,0.00,,true,true,,https://cdn.jsdelivr.net/gh/Divercitieslb/bob-music-store@main/import/images/DRM-59-01.jpg,1,Mosaic Darbuka — Cream Snowflake & Star Motifs — Bob Music Store,false,Mosaic Darbuka — Cream Snowflake & Star Motifs,"A hand-decorated darbuka (doumbek) with a pale cream ground scattered with small black snowflake and star motifs, with banded — Bob Music Store, Beirut.",g,active
mosaic-darbuka-stone-cream-with-diagonal-colour-stripe,Mosaic Darbuka — Stone Cream with Diagonal Colour Stripe,"<p>A hand-decorated darbuka (doumbek) with a stone-cream mosaic with a single diagonal stripe of red, blue and gold tesserae sweeping across the waist. Cast aluminium shell with a tuneable synthetic head and a bolt-tuned rim, so it holds pitch through changes in humidity — the reason these travel and gig so well. The mosaic is applied and finished by hand, so no two shells are ever identical.</p>",Handmade,Arts & Entertainment > Hobbies & Creative Arts > Musical Instruments > Percussion,Darbuka,"Darbuka, Percussion, Arabic Instruments, doumbek, tabla, arabic percussion, mosaic, hand drum, middle eastern",true,Title,Default Title,,,,,DRM-60,2200,shopify,1,deny,manual,0.00,,true,true,,https://cdn.jsdelivr.net/gh/Divercitieslb/bob-music-store@main/import/images/DRM-60-01.jpg,1,Mosaic Darbuka — Stone Cream with Diagonal Colour Stripe — Bob Music Store,false,Mosaic Darbuka — Stone Cream with Diagonal Colour Stripe,"A hand-decorated darbuka (doumbek) with a stone-cream mosaic with a single diagonal stripe of red, blue and gold tesserae — Bob Music Store, Beirut.",g,active
mosaic-darbuka-cream-with-blue-red-diamond-column,Mosaic Darbuka — Cream with Blue & Red Diamond Column,"<p>A hand-decorated darbuka (doumbek) with a cream shell with a central column of blue, red and gold diamonds framed by fine black borders. Cast aluminium shell with a tuneable synthetic head and a bolt-tuned rim, so it holds pitch through changes in humidity — the reason these travel and gig so well. The mosaic is applied and finished by hand, so no two shells are ever identical.</p>",Handmade,Arts & Entertainment > Hobbies & Creative Arts > Musical Instruments > Percussion,Darbuka,"Darbuka, Percussion, Arabic Instruments, doumbek, tabla, arabic percussion, mosaic, hand drum, middle eastern",true,Title,Default Title,,,,,DRM-61,2200,shopify,1,deny,manual,0.00,,true,true,,https://cdn.jsdelivr.net/gh/Divercitieslb/bob-music-store@main/import/images/DRM-61-01.jpg,1,Mosaic Darbuka — Cream with Blue & Red Diamond Column — Bob Music Store,false,Mosaic Darbuka — Cream with Blue & Red Diamond Column,"A hand-decorated darbuka (doumbek) with a cream shell with a central column of blue, red and gold diamonds framed by fine black — Bob Music Store, Beirut.",g,active
mosaic-darbuka-red-black-checkerboard-with-circle-medallions,Mosaic Darbuka — Red & Black Checkerboard with Circle Medallions,"<p>A hand-decorated darbuka (doumbek) with a bold red and black checkerboard band above a row of circular medallions on a cream ground. Cast aluminium shell with a tuneable synthetic head and a bolt-tuned rim, so it holds pitch through changes in humidity — the reason these travel and gig so well. The mosaic is applied and finished by hand, so no two shells are ever identical.</p>",Handmade,Arts & Entertainment > Hobbies & Creative Arts > Musical Instruments > Percussion,Darbuka,"Darbuka, Percussion, Arabic Instruments, doumbek, tabla, arabic percussion, mosaic, hand drum, middle eastern",true,Title,Default Title,,,,,DRM-62,2200,shopify,1,deny,manual,0.00,,true,true,,https://cdn.jsdelivr.net/gh/Divercitieslb/bob-music-store@main/import/images/DRM-62-01.jpg,1,Mosaic Darbuka — Red & Black Checkerboard with Circle Medallions — Bob Music Store,false,Mosaic Darbuka — Red & Black Checkerboard with Circle Med…,"A hand-decorated darbuka (doumbek) with a bold red and black checkerboard band above a row of circular medallions on a cream — Bob Music Store, Beirut.",g,active
mosaic-darbuka-cream-with-blue-gold-flower-medallions,Mosaic Darbuka — Cream with Blue & Gold Flower Medallions,"<p>A hand-decorated darbuka (doumbek) with a cream mosaic centred on large blue and gold flower medallions, with a fine chequered rim band. Cast aluminium shell with a tuneable synthetic head and a bolt-tuned rim, so it holds pitch through changes in humidity — the reason these travel and gig so well. The mosaic is applied and finished by hand, so no two shells are ever identical.</p>",Handmade,Arts & Entertainment > Hobbies & Creative Arts > Musical Instruments > Percussion,Darbuka,"Darbuka, Percussion, Arabic Instruments, doumbek, tabla, arabic percussion, mosaic, hand drum, middle eastern",true,Title,Default Title,,,,,DRM-63,2200,shopify,1,deny,manual,0.00,,true,true,,https://cdn.jsdelivr.net/gh/Divercitieslb/bob-music-store@main/import/images/DRM-63-01.jpg,1,Mosaic Darbuka — Cream with Blue & Gold Flower Medallions — Bob Music Store,false,Mosaic Darbuka — Cream with Blue & Gold Flower Medallions,"A hand-decorated darbuka (doumbek) with a cream mosaic centred on large blue and gold flower medallions, with a fine chequered — Bob Music Store, Beirut.",g,active
mosaic-darbuka-teal-crackle-lacquer,Mosaic Darbuka — Teal Crackle Lacquer,"<p>A hand-decorated darbuka (doumbek) with a turquoise crackle-lacquer finish over a pale ground, giving a weathered ceramic look with no mosaic at all. Cast aluminium shell with a tuneable synthetic head and a bolt-tuned rim, so it holds pitch through changes in humidity — the reason these travel and gig so well. The mosaic is applied and finished by hand, so no two shells are ever identical.</p>",Handmade,Arts & Entertainment > Hobbies & Creative Arts > Musical Instruments > Percussion,Darbuka,"Darbuka, Percussion, Arabic Instruments, doumbek, tabla, arabic percussion, mosaic, hand drum, middle eastern",true,Title,Default Title,,,,,DRM-64,2200,shopify,1,deny,manual,0.00,,true,true,,https://cdn.jsdelivr.net/gh/Divercitieslb/bob-music-store@main/import/images/DRM-64-01.jpg,1,Mosaic Darbuka — Teal Crackle Lacquer — Bob Music Store,false,Mosaic Darbuka — Teal Crackle Lacquer,"A hand-decorated darbuka (doumbek) with a turquoise crackle-lacquer finish over a pale ground, giving a weathered ceramic look — Bob Music Store, Beirut.",g,active
mosaic-darbuka-gloss-black-plain-lacquer,"Mosaic Darbuka — Gloss Black, Plain Lacquer","<p>A hand-decorated darbuka (doumbek) with a plain gloss black lacquer with no ornament — the quiet one, and the one working players tend to pick. Cast aluminium shell with a tuneable synthetic head and a bolt-tuned rim, so it holds pitch through changes in humidity — the reason these travel and gig so well. The mosaic is applied and finished by hand, so no two shells are ever identical.</p>",Handmade,Arts & Entertainment > Hobbies & Creative Arts > Musical Instruments > Percussion,Darbuka,"Darbuka, Percussion, Arabic Instruments, doumbek, tabla, arabic percussion, mosaic, hand drum, middle eastern",true,Title,Default Title,,,,,DRM-65,2200,shopify,1,deny,manual,0.00,,true,true,,https://cdn.jsdelivr.net/gh/Divercitieslb/bob-music-store@main/import/images/DRM-65-01.jpg,1,"Mosaic Darbuka — Gloss Black, Plain Lacquer — Bob Music Store",false,"Mosaic Darbuka — Gloss Black, Plain Lacquer","A hand-decorated darbuka (doumbek) with a plain gloss black lacquer with no ornament — the quiet one, and the one working — Bob Music Store, Beirut.",g,active
mosaic-darbuka-cream-with-deep-red-rosettes,Mosaic Darbuka — Cream with Deep Red Rosettes,"<p>A hand-decorated darbuka (doumbek) with a cream ground with large deep-red rosette medallions and a wide patterned collar at the head. Cast aluminium shell with a tuneable synthetic head and a bolt-tuned rim, so it holds pitch through changes in humidity — the reason these travel and gig so well. The mosaic is applied and finished by hand, so no two shells are ever identical.</p>",Handmade,Arts & Entertainment > Hobbies & Creative Arts > Musical Instruments > Percussion,Darbuka,"Darbuka, Percussion, Arabic Instruments, doumbek, tabla, arabic percussion, mosaic, hand drum, middle eastern",true,Title,Default Title,,,,,DRM-66,2200,shopify,1,deny,manual,0.00,,true,true,,https://cdn.jsdelivr.net/gh/Divercitieslb/bob-music-store@main/import/images/DRM-66-01.jpg,1,Mosaic Darbuka — Cream with Deep Red Rosettes — Bob Music Store,false,Mosaic Darbuka — Cream with Deep Red Rosettes,"A hand-decorated darbuka (doumbek) with a cream ground with large deep-red rosette medallions and a wide patterned collar — Bob Music Store, Beirut.",g,active
mosaic-darbuka-cream-arrow-panels-star-lattice,Mosaic Darbuka — Cream Arrow Panels & Star Lattice,"<p>A hand-decorated darbuka (doumbek) with cream mosaic with tall arrow-shaped panels rising from the foot and a star lattice across the bowl. Cast aluminium shell with a tuneable synthetic head and a bolt-tuned rim, so it holds pitch through changes in humidity — the reason these travel and gig so well. The mosaic is applied and finished by hand, so no two shells are ever identical.</p>",Handmade,Arts & Entertainment > Hobbies & Creative Arts > Musical Instruments > Percussion,Darbuka,"Darbuka, Percussion, Arabic Instruments, doumbek, tabla, arabic percussion, mosaic, hand drum, middle eastern",true,Title,Default Title,,,,,DRM-67,2200,shopify,1,deny,manual,0.00,,true,true,,https://cdn.jsdelivr.net/gh/Divercitieslb/bob-music-store@main/import/images/DRM-67-01.jpg,1,Mosaic Darbuka — Cream Arrow Panels & Star Lattice — Bob Music Store,false,Mosaic Darbuka — Cream Arrow Panels & Star Lattice,"A hand-decorated darbuka (doumbek) with cream mosaic with tall arrow-shaped panels rising from the foot and a star lattice — Bob Music Store, Beirut.",g,active
kq-2-violin-instrument-piezo-pickup-with-volume-control,KQ-2 Violin & Instrument Piezo Pickup with Volume Control,"<p>A clip-on piezo pickup with an inline volume and tone control — the simple way to amplify a violin, oud, saz, zither or bouzouki without any modification to the instrument. Sticks or clips to the body, runs to a standard jack, and comes off cleanly when you are done.</p>",Unbranded,Arts & Entertainment > Hobbies & Creative Arts > Musical Instrument & Orchestra Accessories,Pickup,"Tuners & Pickups, Strings & Accessories, pickup, piezo pickup, violin pickup, oud pickup, amplification, accessory, boxed",true,Title,Default Title,,,,,GEAR-16,180,shopify,1,deny,manual,0.00,,true,true,,https://cdn.jsdelivr.net/gh/Divercitieslb/bob-music-store@main/import/images/GEAR-16-01.jpg,1,KQ-2 Violin & Instrument Piezo Pickup with Volume Control — Bob Music Store,false,KQ-2 Violin & Instrument Piezo Pickup with Volume Control,"A clip-on piezo pickup with an inline volume and tone control — the simple way to amplify a violin, oud, saz, zither — Bob Music Store, Beirut.",g,active
yamaha-yt-100-guitar-bass-auto-tuner,Yamaha YT-100 Guitar & Bass Auto Tuner,"<p>The Yamaha YT-100 auto tuner for guitar and bass — LED indication across every string of both instruments, a built-in microphone for acoustic use and a jack input for electrics. Simple, fast and accurate, from a maker whose tuners have a long reputation for holding calibration.</p>",Yamaha,Arts & Entertainment > Hobbies & Creative Arts > Musical Instrument & Orchestra Accessories,Tuner,"Tuners & Pickups, Strings & Accessories, tuner, guitar tuner, bass tuner, yamaha, yt-100, chromatic, accessory",true,Title,Default Title,,,,,GEAR-17,110,shopify,1,deny,manual,0.00,,true,true,,https://cdn.jsdelivr.net/gh/Divercitieslb/bob-music-store@main/import/images/GEAR-17-01.jpg,1,Yamaha YT-100 Guitar & Bass Auto Tuner — Bob Music Store,false,Yamaha YT-100 Guitar & Bass Auto Tuner,"The Yamaha YT-100 auto tuner for guitar and bass — LED indication across every string of both instruments, a built-in — Bob Music Store, Beirut.",g,active
fender-ft-004-clip-on-chromatic-tuner,Fender FT-004 Clip-On Chromatic Tuner,"<p>The Fender FT-004 clip-on chromatic tuner, with a bright colour display on a ball-joint clip that rotates to face you from any angle. It reads vibration through the headstock, so it tunes accurately in a noisy room where a microphone tuner cannot. Fits guitar, bass, ukulele, oud and violin.</p>",Fender,Arts & Entertainment > Hobbies & Creative Arts > Musical Instrument & Orchestra Accessories,Tuner,"Tuners & Pickups, Strings & Accessories, tuner, clip on tuner, chromatic tuner, fender, ft-004, accessory",true,Title,Default Title,,,,,GEAR-18,110,shopify,1,deny,manual,0.00,,true,true,,https://cdn.jsdelivr.net/gh/Divercitieslb/bob-music-store@main/import/images/GEAR-18-01.jpg,1,Fender FT-004 Clip-On Chromatic Tuner — Bob Music Store,false,Fender FT-004 Clip-On Chromatic Tuner,"The Fender FT-004 clip-on chromatic tuner, with a bright colour display on a ball-joint clip that rotates to face you from any — Bob Music Store, Beirut.",g,active
maxtone-bc-650-chromatic-tuner-guitar-bass-microphone,"Maxtone BC-650 Chromatic Tuner — Guitar, Bass & Microphone","<p>The Maxtone BC-650 chromatic tuner with LED indication for every guitar and bass string, a built-in microphone and a jack input. Clear per-string markings mean beginners can tune without knowing note names yet — one of the reasons we keep recommending it for first guitars.</p>",Maxtone,Arts & Entertainment > Hobbies & Creative Arts > Musical Instrument & Orchestra Accessories,Tuner,"Tuners & Pickups, Strings & Accessories, tuner, chromatic tuner, guitar tuner, bass tuner, maxtone, bc-650, accessory",true,Title,Default Title,,,,,GEAR-19,110,shopify,1,deny,manual,0.00,,true,true,,https://cdn.jsdelivr.net/gh/Divercitieslb/bob-music-store@main/import/images/GEAR-19-01.jpg,1,"Maxtone BC-650 Chromatic Tuner — Guitar, Bass & Microphone — Bob Music Store",false,"Maxtone BC-650 Chromatic Tuner — Guitar, Bass & Microphone","The Maxtone BC-650 chromatic tuner with LED indication for every guitar and bass string, a built-in microphone and a jack input — Bob Music Store, Beirut.",g,active
chromatic-clip-on-tuner-with-backlit-display,Chromatic Clip-On Tuner with Backlit Display,"<p>A chromatic clip-on tuner with a backlit display and a sprung, rotating clip. Chromatic mode tunes any instrument to any note, with dedicated guitar, bass, violin and ukulele modes for quicker work. Runs for months on a coin cell and folds flat against the headstock.</p>",Unbranded,Arts & Entertainment > Hobbies & Creative Arts > Musical Instrument & Orchestra Accessories,Tuner,"Tuners & Pickups, Strings & Accessories, tuner, clip on tuner, chromatic tuner, backlit, accessory",true,Title,Default Title,,,,,GEAR-20,110,shopify,1,deny,manual,0.00,,true,true,,https://cdn.jsdelivr.net/gh/Divercitieslb/bob-music-store@main/import/images/GEAR-20-01.jpg,1,Chromatic Clip-On Tuner with Backlit Display — Bob Music Store,false,Chromatic Clip-On Tuner with Backlit Display,"A chromatic clip-on tuner with a backlit display and a sprung, rotating clip — Bob Music Store, Beirut.",g,active
ad-20-acoustic-guitar-transducer-pickup-soundhole-mount,AD-20 Acoustic Guitar Transducer Pickup — Soundhole Mount,"<p>The AD-20 transducer pickup mounts inside the soundhole of an acoustic guitar and runs to a standard jack — no drilling, no permanent fitting, and off again in seconds. A clean, feedback-resistant way to plug an acoustic into an amp or PA. Supplied sealed on its retail card with cable and fittings.</p>",Unbranded,Arts & Entertainment > Hobbies & Creative Arts > Musical Instrument & Orchestra Accessories,Pickup,"Tuners & Pickups, Strings & Accessories, pickup, transducer, acoustic guitar pickup, soundhole pickup, amplification, accessory",true,Title,Default Title,,,,,GEAR-21,180,shopify,1,deny,manual,0.00,,true,true,,https://cdn.jsdelivr.net/gh/Divercitieslb/bob-music-store@main/import/images/GEAR-21-01.jpg,1,AD-20 Acoustic Guitar Transducer Pickup — Soundhole Mount — Bob Music Store,false,AD-20 Acoustic Guitar Transducer Pickup — Soundhole Mount,"The AD-20 transducer pickup mounts inside the soundhole of an acoustic guitar and runs to a standard jack — no drilling, no — Bob Music Store, Beirut.",g,active
ad-20-acoustic-guitar-transducer-pickup-soundhole-mount,,,,,,,,,,,,,,,,,,,,,,,,,https://cdn.jsdelivr.net/gh/Divercitieslb/bob-music-store@main/import/images/GEAR-21-02.jpg,2,AD-20 Acoustic Guitar Transducer Pickup — Soundhole Mount — view 2,,,,,
microphone-floor-stand-heavy-round-base-boxed,"Microphone Floor Stand — Heavy Round Base, Boxed","<p>A heavy-duty microphone floor stand with a weighted round base and a telescopic upright — the stable choice for conference rooms, churches and stages where a tripod would be a trip hazard. Supplied boxed with its mic clip and standard thread adapter.</p>",Unbranded,Arts & Entertainment > Hobbies & Creative Arts > Musical Instrument & Orchestra Accessories,Microphone Stand,"Stands, Strings & Accessories, microphone stand, mic stand, floor stand, round base, accessory, boxed",true,Title,Default Title,,,,,GEAR-22,2400,shopify,1,deny,manual,0.00,,true,true,,https://cdn.jsdelivr.net/gh/Divercitieslb/bob-music-store@main/import/images/GEAR-22-01.jpg,1,"Microphone Floor Stand — Heavy Round Base, Boxed — Bob Music Store",false,"Microphone Floor Stand — Heavy Round Base, Boxed","A heavy-duty microphone floor stand with a weighted round base and a telescopic upright — the stable choice for conference — Bob Music Store, Beirut.",g,active
professional-microphone-stand-telescopic-boom-boxed,"Professional Microphone Stand — Telescopic Boom, Boxed","<p>A professional telescopic boom microphone stand with a folding tripod base — the standard stand for stage, studio and rehearsal. The boom arm swings and extends to place the capsule exactly where it needs to be, over a kit or in front of a seated player. Supplied boxed with clip and adapter.</p>",Unbranded,Arts & Entertainment > Hobbies & Creative Arts > Musical Instrument & Orchestra Accessories,Microphone Stand,"Stands, Strings & Accessories, microphone stand, mic stand, boom stand, telescopic, accessory, boxed",true,Title,Default Title,,,,,GEAR-23,2400,shopify,1,deny,manual,0.00,,true,true,,https://cdn.jsdelivr.net/gh/Divercitieslb/bob-music-store@main/import/images/GEAR-23-01.jpg,1,"Professional Microphone Stand — Telescopic Boom, Boxed — Bob Music Store",false,"Professional Microphone Stand — Telescopic Boom, Boxed","A professional telescopic boom microphone stand with a folding tripod base — the standard stand for stage, studio and rehearsal — Bob Music Store, Beirut.",g,active
e622-padded-guitar-strap-wide-webbing-with-leather-ends,E622 Padded Guitar Strap — Wide Webbing with Leather Ends,"<p>A wide padded guitar strap on strong webbing with reinforced leather-look ends and a sliding length adjuster. The padding spreads the weight of a heavier electric or bass across the shoulder, which is what saves your back over a long set. Boxed, and available in the colours shown.</p>",Unbranded,Arts & Entertainment > Hobbies & Creative Arts > Musical Instrument & Orchestra Accessories,Guitar Strap,"Straps, Strings & Accessories, guitar strap, padded strap, strap, accessory, boxed",true,Colour,Black,,,,,GEAR-24-BLACK,220,shopify,1,deny,manual,0.00,,true,true,,https://cdn.jsdelivr.net/gh/Divercitieslb/bob-music-store@main/import/images/GEAR-24-01.jpg,1,E622 Padded Guitar Strap — Wide Webbing with Leather Ends — Bob Music Store,false,E622 Padded Guitar Strap — Wide Webbing with Leather Ends,"A wide padded guitar strap on strong webbing with reinforced leather-look ends and a sliding length adjuster — Bob Music Store, Beirut.",g,active
e622-padded-guitar-strap-wide-webbing-with-leather-ends,,,,,,,,Colour,Blue,,,,,GEAR-24-BLUE,220,shopify,1,deny,manual,0.00,,true,true,,,,,false,,,g,
e622-padded-guitar-strap-wide-webbing-with-leather-ends,,,,,,,,,,,,,,,,,,,,,,,,,https://cdn.jsdelivr.net/gh/Divercitieslb/bob-music-store@main/import/images/GEAR-24-02.jpg,2,E622 Padded Guitar Strap — Wide Webbing with Leather Ends — view 2,,,,,
warlock-style-electric-guitar-gloss-blue-sharp-horn-body,"Warlock-Style Electric Guitar — Gloss Blue, Sharp-Horn Body","<p>A pointed ""warlock"" style electric guitar in gloss blue — the shape metal and hard-rock players reach for. Twin humbuckers, bolt-on neck with a rosewood-look fingerboard and dot inlays, three-way selector with volume and tone, and a fixed bridge with through-body stringing that keeps tuning steady under heavy playing.</p>",Unbranded,Arts & Entertainment > Hobbies & Creative Arts > Musical Instruments > String Instruments > Guitars,Electric Guitar,"Electric Guitars, Guitars & Bass, electric guitar, metal guitar, warlock, pointed body, blue, rock",true,Title,Default Title,,,,,GTR-25,3600,shopify,1,deny,manual,0.00,,true,true,,https://cdn.jsdelivr.net/gh/Divercitieslb/bob-music-store@main/import/images/GTR-25-01.jpg,1,"Warlock-Style Electric Guitar — Gloss Blue, Sharp-Horn Body — Bob Music Store",false,"Warlock-Style Electric Guitar — Gloss Blue, Sharp-Horn Body","A pointed ""warlock"" style electric guitar in gloss blue — the shape metal and hard-rock players reach for — Bob Music Store, Beirut.",g,active
warlock-style-electric-bass-4-string-satin-black,"Warlock-Style Electric Bass — 4-String, Satin Black","<p>A four-string electric bass built on the same aggressive pointed body as the warlock guitars, finished in satin black. Long-scale bolt-on neck, split/single pickup pairing with volume and tone controls, and a solid bridge with individual saddle adjustment. A stage-ready bass for rock and metal players who want the look to match.</p>",Unbranded,Arts & Entertainment > Hobbies & Creative Arts > Musical Instruments > String Instruments > Guitars,Bass Guitar,"Bass Guitars, Guitars & Bass, bass guitar, electric bass, 4-string, metal bass, warlock, black",true,Title,Default Title,,,,,GTR-26,4200,shopify,1,deny,manual,0.00,,true,true,,https://cdn.jsdelivr.net/gh/Divercitieslb/bob-music-store@main/import/images/GTR-26-01.jpg,1,"Warlock-Style Electric Bass — 4-String, Satin Black — Bob Music Store",false,"Warlock-Style Electric Bass — 4-String, Satin Black","A four-string electric bass built on the same aggressive pointed body as the warlock guitars, finished in satin black — Bob Music Store, Beirut.",g,active
flying-v-electric-guitar-gloss-red,Flying V Electric Guitar — Gloss Red,"<p>A classic V-shape electric guitar in gloss red with cream binding. Twin humbuckers deliver thick rhythm tone and a cutting lead voice, the bolt-on neck gives easy upper-fret access, and the through-body bridge holds tuning. The V body sits naturally against the leg when seated and looks unmistakable on stage.</p>",Unbranded,Arts & Entertainment > Hobbies & Creative Arts > Musical Instruments > String Instruments > Guitars,Electric Guitar,"Electric Guitars, Guitars & Bass, electric guitar, flying v, v-shape, red, rock, metal",true,Title,Default Title,,,,,GTR-27,3600,shopify,1,deny,manual,0.00,,true,true,,https://cdn.jsdelivr.net/gh/Divercitieslb/bob-music-store@main/import/images/GTR-27-01.jpg,1,Flying V Electric Guitar — Gloss Red — Bob Music Store,false,Flying V Electric Guitar — Gloss Red,"A classic V-shape electric guitar in gloss red with cream binding. Twin humbuckers deliver thick rhythm tone and a cutting lead — Bob Music Store, Beirut.",g,active
beast-style-electric-guitar-gloss-black-multi-point-body,"Beast-Style Electric Guitar — Gloss Black, Multi-Point Body","<p>An extreme multi-point ""beast"" body in gloss black — one of the most striking shapes on the wall. Twin humbuckers with three-way switching, bolt-on neck with dot-inlaid fingerboard, and a fixed bridge. Built for players who want maximum stage presence with a straightforward, reliable electric platform underneath.</p>",Unbranded,Arts & Entertainment > Hobbies & Creative Arts > Musical Instruments > String Instruments > Guitars,Electric Guitar,"Electric Guitars, Guitars & Bass, electric guitar, metal guitar, beast, pointed body, black, rock",true,Title,Default Title,,,,,GTR-28,3600,shopify,1,deny,manual,0.00,,true,true,,https://cdn.jsdelivr.net/gh/Divercitieslb/bob-music-store@main/import/images/GTR-28-01.jpg,1,"Beast-Style Electric Guitar — Gloss Black, Multi-Point Body — Bob Music Store",false,"Beast-Style Electric Guitar — Gloss Black, Multi-Point Body","An extreme multi-point ""beast"" body in gloss black — one of the most striking shapes on the wall — Bob Music Store, Beirut.",g,active
hipower-ar-50-professional-dynamic-headset-microphone,HiPower AR-50 Professional Dynamic Headset Microphone,"<p>A dynamic headset microphone on an adjustable over-ear frame — hands free for presenters, fitness instructors, worship leaders and performers who need to move. Cardioid capsule for good rejection of stage spill, foam windshield included, and a standard jack termination. Supplied sealed on its retail card.</p>",HiPower,Arts & Entertainment > Hobbies & Creative Arts > Musical Instrument & Orchestra Accessories > Microphone Stands,Microphone,"Microphones, Audio & Studio, microphone, headset microphone, dynamic, hands free, presentation, vocal",true,Title,Default Title,,,,,PA-36,550,shopify,1,deny,manual,0.00,,true,true,,https://cdn.jsdelivr.net/gh/Divercitieslb/bob-music-store@main/import/images/PA-36-01.jpg,1,HiPower AR-50 Professional Dynamic Headset Microphone — Bob Music Store,false,HiPower AR-50 Professional Dynamic Headset Microphone,"A dynamic headset microphone on an adjustable over-ear frame — hands free for presenters, fitness instructors, worship leaders — Bob Music Store, Beirut.",g,active
lavalier-clip-on-microphone-smartphone-camera-compatible,Lavalier Clip-On Microphone — Smartphone & Camera Compatible,"<p>A clip-on lavalier microphone for phones, tablets and cameras — the quickest way to make spoken-word video sound far better than the built-in mic. Omnidirectional capsule on a long cable with a sprung lapel clip and windshield. Works with iOS and Android handsets, laptops and most compact cameras.</p>",Unbranded,Arts & Entertainment > Hobbies & Creative Arts > Musical Instrument & Orchestra Accessories > Microphone Stands,Microphone,"Microphones, Audio & Studio, microphone, lavalier, lapel mic, clip on, smartphone, content creation, video",true,Title,Default Title,,,,,PA-37,550,shopify,1,deny,manual,0.00,,true,true,,https://cdn.jsdelivr.net/gh/Divercitieslb/bob-music-store@main/import/images/PA-37-01.jpg,1,Lavalier Clip-On Microphone — Smartphone & Camera Compatible — Bob Music Store,false,Lavalier Clip-On Microphone — Smartphone & Camera Compatible,"A clip-on lavalier microphone for phones, tablets and cameras — the quickest way to make spoken-word video sound far better — Bob Music Store, Beirut.",g,active
coron-phaser-effects-pedal-orange,Coron Phaser Effects Pedal — Orange,"<p>A compact analogue-voiced phaser in a bright orange enclosure with Depth, Rate and Feedback controls plus a level trim — enough range to go from a slow, syrupy sweep to a fast, vocal warble. True stompbox format with a metal footswitch and standard in/out jacks.</p>",Coron,Arts & Entertainment > Hobbies & Creative Arts > Musical Instrument & Orchestra Accessories > Electronic Musical Instrument Accessories,Effects Pedal,"Effects Pedals, Audio & Studio, effects pedal, phaser, guitar pedal, modulation, stompbox, coron",true,Title,Default Title,,,,,PA-38,700,shopify,1,deny,manual,0.00,,true,true,,https://cdn.jsdelivr.net/gh/Divercitieslb/bob-music-store@main/import/images/PA-38-01.jpg,1,Coron Phaser Effects Pedal — Orange — Bob Music Store,false,Coron Phaser Effects Pedal — Orange,"A compact analogue-voiced phaser in a bright orange enclosure with Depth, Rate and Feedback controls plus a level trim — enough — Bob Music Store, Beirut.",g,active
fender-two-button-footswitch-channel-select-reverb,Fender Two-Button Footswitch — Channel Select & Reverb,"<p>A genuine Fender two-button footswitch for channel selection and reverb, in the ribbed chrome-and-black housing. Fits the many Fender combos and heads that use the two-button jack, freeing you to switch clean-to-drive and kick reverb in and out without leaving the mic.</p>",Fender,Arts & Entertainment > Hobbies & Creative Arts > Musical Instrument & Orchestra Accessories,Footswitch,"Footswitches, Audio & Studio, footswitch, fender, channel select, reverb, amplifier accessory, pedal",true,Title,Default Title,,,,,PA-39,420,shopify,1,deny,manual,0.00,,true,true,,https://cdn.jsdelivr.net/gh/Divercitieslb/bob-music-store@main/import/images/PA-39-01.jpg,1,Fender Two-Button Footswitch — Channel Select & Reverb — Bob Music Store,false,Fender Two-Button Footswitch — Channel Select & Reverb,"A genuine Fender two-button footswitch for channel selection and reverb, in the ribbed chrome-and-black housing — Bob Music Store, Beirut.",g,active
carlsbro-single-footswitch-with-captive-cable,Carlsbro Single Footswitch with Captive Cable,<p>A single-button Carlsbro footswitch on a captive cable — the standard latching switch for channel or effect selection on Carlsbro amplifiers and many other makes using a mono jack. Steel housing with a rubber base so it stays where you put it.</p>,Carlsbro,Arts & Entertainment > Hobbies & Creative Arts > Musical Instrument & Orchestra Accessories,Footswitch,"Footswitches, Audio & Studio, footswitch, carlsbro, amplifier accessory, channel switch, pedal",true,Title,Default Title,,,,,PA-40,420,shopify,1,deny,manual,0.00,,true,true,,https://cdn.jsdelivr.net/gh/Divercitieslb/bob-music-store@main/import/images/PA-40-01.jpg,1,Carlsbro Single Footswitch with Captive Cable — Bob Music Store,false,Carlsbro Single Footswitch with Captive Cable,"A single-button Carlsbro footswitch on a captive cable — the standard latching switch for channel or effect selection — Bob Music Store, Beirut.",g,active
five-button-footswitch-controller-din-connection,Five-Button Footswitch Controller — DIN Connection,"<p>A five-way footswitch controller on a multi-pin DIN cable, numbered 1 to 5 — for amplifiers, keyboard arrangers and rack units that need more than simple channel switching. Long captive lead, low-profile steel chassis and clearly marked switches you can find in the dark.</p>",Unbranded,Arts & Entertainment > Hobbies & Creative Arts > Musical Instrument & Orchestra Accessories,Footswitch,"Footswitches, Audio & Studio, footswitch, 5 button, din, amplifier accessory, keyboard, controller",true,Title,Default Title,,,,,PA-41,420,shopify,1,deny,manual,0.00,,true,true,,https://cdn.jsdelivr.net/gh/Divercitieslb/bob-music-store@main/import/images/PA-41-01.jpg,1,Five-Button Footswitch Controller — DIN Connection — Bob Music Store,false,Five-Button Footswitch Controller — DIN Connection,"A five-way footswitch controller on a multi-pin DIN cable, numbered 1 to 5 — for amplifiers, keyboard arrangers and rack units — Bob Music Store, Beirut.",g,active
carlsbro-glx-three-button-footswitch,Carlsbro GLX Three-Button Footswitch,"<p>The three-button Carlsbro GLX footswitch with status LEDs above each switch, on a long captive cable. Designed for the GLX amplifier range to select channels and engage effects, with the LEDs telling you what is live at a glance.</p>",Carlsbro,Arts & Entertainment > Hobbies & Creative Arts > Musical Instrument & Orchestra Accessories,Footswitch,"Footswitches, Audio & Studio, footswitch, carlsbro, glx, 3 button, amplifier accessory",true,Title,Default Title,,,,,PA-42,420,shopify,1,deny,manual,0.00,,true,true,,https://cdn.jsdelivr.net/gh/Divercitieslb/bob-music-store@main/import/images/PA-42-01.jpg,1,Carlsbro GLX Three-Button Footswitch — Bob Music Store,false,Carlsbro GLX Three-Button Footswitch,"The three-button Carlsbro GLX footswitch with status LEDs above each switch, on a long captive cable — Bob Music Store, Beirut.",g,active
boss-ch-1-super-chorus-pedal,BOSS CH-1 Super Chorus Pedal,"<p>The BOSS CH-1 Super Chorus — the stereo chorus that defined the sound on countless records. E.Level, EQ, Rate and Depth controls take it from a gentle shimmer to a deep, glassy swirl, and the stereo outputs open the sound right up through two amps. Built in the famously indestructible BOSS compact enclosure.</p>",BOSS,Arts & Entertainment > Hobbies & Creative Arts > Musical Instrument & Orchestra Accessories > Electronic Musical Instrument Accessories,Effects Pedal,"Effects Pedals, Audio & Studio, effects pedal, boss, ch-1, super chorus, chorus, modulation, stompbox",true,Title,Default Title,,,,,PA-43,700,shopify,1,deny,manual,0.00,,true,true,,https://cdn.jsdelivr.net/gh/Divercitieslb/bob-music-store@main/import/images/PA-43-01.jpg,1,BOSS CH-1 Super Chorus Pedal — Bob Music Store,false,BOSS CH-1 Super Chorus Pedal,"The BOSS CH-1 Super Chorus — the stereo chorus that defined the sound on countless records — Bob Music Store, Beirut.",g,active
boss-rc-2-loop-station,BOSS RC-2 Loop Station,"<p>The BOSS RC-2 Loop Station — up to 16 minutes of stereo recording across 11 memories, with undo/redo, a built-in rhythm guide and Auto Recording that starts the moment you play. Everything runs from one footswitch, so it works as a practice tool, a writing pad and a full one-person live rig.</p>",BOSS,Arts & Entertainment > Hobbies & Creative Arts > Musical Instrument & Orchestra Accessories > Electronic Musical Instrument Accessories,Effects Pedal,"Effects Pedals, Audio & Studio, effects pedal, boss, rc-2, loop station, looper, stompbox, recording",true,Title,Default Title,,,,,PA-44,700,shopify,1,deny,manual,0.00,,true,true,,https://cdn.jsdelivr.net/gh/Divercitieslb/bob-music-store@main/import/images/PA-44-01.jpg,1,BOSS RC-2 Loop Station — Bob Music Store,false,BOSS RC-2 Loop Station,"The BOSS RC-2 Loop Station — up to 16 minutes of stereo recording across 11 memories, with undo/redo, a built-in rhythm guide — Bob Music Store, Beirut.",g,active
roland-go-mixer-audio-mixer-for-smartphones,Roland GO:MIXER — Audio Mixer for Smartphones,"<p>The Roland GO:MIXER connects guitars, mics, keyboards and line sources straight into a smartphone for clean, multi-input recording — no adapters, no computer. Up to nine inputs mixed with physical knobs, powered by the phone itself, and small enough to live in a gig bag. The tool for musicians making video.</p>",Roland,Arts & Entertainment > Hobbies & Creative Arts > Musical Instrument & Orchestra Accessories,Audio Interface,"Studio & Recording, Audio & Studio, audio interface, roland, go mixer, smartphone, recording, content creation, mixer",true,Title,Default Title,,,,,PA-45,240,shopify,1,deny,manual,0.00,,true,true,,https://cdn.jsdelivr.net/gh/Divercitieslb/bob-music-store@main/import/images/PA-45-01.jpg,1,Roland GO:MIXER — Audio Mixer for Smartphones — Bob Music Store,false,Roland GO:MIXER — Audio Mixer for Smartphones,"The Roland GO:MIXER connects guitars, mics, keyboards and line sources straight into a smartphone for clean, multi-input — Bob Music Store, Beirut.",g,active
kelfar-technologies-ak-2-pro-midi-wind-breath-controller,Kelfar Technologies AK-2 Pro MIDI Wind / Breath Controller,"<p>The Kelfar AK-2 Pro breath controller — a Lebanese-made MIDI wind instrument with a world-scale tuning panel, so quarter-tones and Arabic maqam scales are available directly from the front panel. Breath-driven expression into any MIDI sound module, with per-note tuning buttons across the octave. Rare, and genuinely built for this repertoire.</p>",Kelfar Technologies,Arts & Entertainment > Hobbies & Creative Arts > Musical Instrument & Orchestra Accessories > Electronic Musical Instrument Accessories,MIDI Controller,"MIDI Controllers, Audio & Studio, midi controller, wind controller, breath controller, kelfar, ak-2 pro, arabic music, quarter tone",true,Title,Default Title,,,,,PA-46,2400,shopify,1,deny,manual,0.00,,true,true,,https://cdn.jsdelivr.net/gh/Divercitieslb/bob-music-store@main/import/images/PA-46-01.jpg,1,Kelfar Technologies AK-2 Pro MIDI Wind / Breath Controller — Bob Music Store,false,Kelfar Technologies AK-2 Pro MIDI Wind / Breath Controller,"The Kelfar AK-2 Pro breath controller — a Lebanese-made MIDI wind instrument with a world-scale tuning panel, so quarter-tones — Bob Music Store, Beirut.",g,active
zqs6137-wireless-portable-speaker-6-5-super-bass,"ZQS6137 Wireless Portable Speaker — 6.5"" Super Bass","<p>A 6.5-inch rechargeable party speaker with Bluetooth, USB and card playback, an LED-lit grille and a carry handle. Loud enough for a garden, a classroom or a small function, and it runs off its internal battery for hours. Supplied boxed with charging lead and remote.</p>",Unbranded,Electronics > Audio > Audio Components > Speakers,Speaker,"Speakers & PA, Audio & Studio, speaker, portable speaker, bluetooth, wireless, party speaker, pa, rechargeable",true,Title,Default Title,,,,,PA-47,9000,shopify,1,deny,manual,0.00,,true,true,,https://cdn.jsdelivr.net/gh/Divercitieslb/bob-music-store@main/import/images/PA-47-01.jpg,1,"ZQS6137 Wireless Portable Speaker — 6.5"" Super Bass — Bob Music Store",false,"ZQS6137 Wireless Portable Speaker — 6.5"" Super Bass","A 6.5-inch rechargeable party speaker with Bluetooth, USB and card playback, an LED-lit grille and a carry handle — Bob Music Store, Beirut.",g,active
joyo-jpa882-acoustic-outdoor-guitar-amplifier-rechargeable,Joyo JPA882 Acoustic & Outdoor Guitar Amplifier — Rechargeable,"<p>The Joyo JPA882 is a rechargeable acoustic and outdoor amplifier built for busking and small events. Two instrument inputs and two microphone channels each with their own volume and two-band EQ, plus master reverb, delay and an activator control. Battery powered with a carry handle — a complete little PA you can pick up in one hand.</p>",Joyo,Arts & Entertainment > Hobbies & Creative Arts > Musical Instrument & Orchestra Accessories > Musical Instrument Amplifiers,Amplifier,"Amplifiers, Audio & Studio, amplifier, guitar amp, acoustic amp, joyo, jpa882, battery powered, busking, portable, pa",true,Title,Default Title,,,,,PA-48,12000,shopify,1,deny,manual,0.00,,true,true,,https://cdn.jsdelivr.net/gh/Divercitieslb/bob-music-store@main/import/images/PA-48-01.jpg,1,Joyo JPA882 Acoustic & Outdoor Guitar Amplifier — Rechargeable — Bob Music Store,false,Joyo JPA882 Acoustic & Outdoor Guitar Amplifier — Recharg…,"The Joyo JPA882 is a rechargeable acoustic and outdoor amplifier built for busking and small events — Bob Music Store, Beirut.",g,active
joyo-jpa882-acoustic-outdoor-guitar-amplifier-rechargeable,,,,,,,,,,,,,,,,,,,,,,,,,https://cdn.jsdelivr.net/gh/Divercitieslb/bob-music-store@main/import/images/PA-48-02.jpg,2,Joyo JPA882 Acoustic & Outdoor Guitar Amplifier — Rechargeable — view 2,,,,,
laney-gc-60a-acoustic-guitar-combo-amplifier-stereo-chorus,Laney GC-60A Acoustic Guitar Combo Amplifier — Stereo Chorus,"<p>The Laney GC-60A acoustic combo — separate Electro and Acoustic channels each with their own EQ, plus onboard stereo chorus and a dedicated microphone input with its own controls. Designed so a singer-guitarist can run the whole show from one box. A well-regarded British-designed amp, in good working order.</p>",Laney,Arts & Entertainment > Hobbies & Creative Arts > Musical Instrument & Orchestra Accessories > Musical Instrument Amplifiers,Amplifier,"Amplifiers, Audio & Studio, amplifier, guitar amp, acoustic amp, laney, gc-60a, combo, stereo chorus, used",true,Title,Default Title,,,,,PA-49,12000,shopify,1,deny,manual,0.00,,true,true,,https://cdn.jsdelivr.net/gh/Divercitieslb/bob-music-store@main/import/images/PA-49-01.jpg,1,Laney GC-60A Acoustic Guitar Combo Amplifier — Stereo Chorus — Bob Music Store,false,Laney GC-60A Acoustic Guitar Combo Amplifier — Stereo Chorus,"The Laney GC-60A acoustic combo — separate Electro and Acoustic channels each with their own EQ, plus onboard stereo chorus — Bob Music Store, Beirut.",g,active
yada-hdt-22-portable-teaching-amplifier-with-wireless-microphone,Yada HDT-22 Portable Teaching Amplifier with Wireless Microphone,"<p>A portable teaching amplifier with a wireless microphone — the classroom and tour-guide standard. Belt-clip or handheld transmitter, rechargeable battery, and a shoulder strap so it goes where the teacher goes. Line input for backing tracks. Supplied boxed and complete.</p>",Yada,Electronics > Audio > Audio Components > Speakers,Speaker,"Speakers & PA, Audio & Studio, speaker, teaching amplifier, wireless microphone, portable pa, classroom, tour guide, boxed",true,Title,Default Title,,,,,PA-50,9000,shopify,1,deny,manual,0.00,,true,true,,https://cdn.jsdelivr.net/gh/Divercitieslb/bob-music-store@main/import/images/PA-50-01.jpg,1,Yada HDT-22 Portable Teaching Amplifier with Wireless Microphone — Bob Music Store,false,Yada HDT-22 Portable Teaching Amplifier with Wireless Mic…,"A portable teaching amplifier with a wireless microphone — the classroom and tour-guide standard — Bob Music Store, Beirut.",g,active
leem-ka-1210-pro-multiple-amplifier-guitar-bass-keyboard-channels,"Leem KA-1210 Pro Multiple Amplifier — Guitar, Bass & Keyboard Channels","<p>The Leem KA-1210 is a genuinely multi-purpose combo — separate guitar/bass and keyboard channels plus two microphone inputs, each with their own EQ and reverb, feeding one speaker. For rehearsal rooms, churches and schools that need one amplifier to cover several jobs, it is hard to beat.</p>",Leem,Arts & Entertainment > Hobbies & Creative Arts > Musical Instrument & Orchestra Accessories > Musical Instrument Amplifiers,Amplifier,"Amplifiers, Audio & Studio, amplifier, combo amp, leem, ka-1210, keyboard amp, bass amp, multi channel, used",true,Title,Default Title,,,,,PA-51,12000,shopify,1,deny,manual,0.00,,true,true,,https://cdn.jsdelivr.net/gh/Divercitieslb/bob-music-store@main/import/images/PA-51-01.jpg,1,"Leem KA-1210 Pro Multiple Amplifier — Guitar, Bass & Keyboard Channels — Bob Music Store",false,"Leem KA-1210 Pro Multiple Amplifier — Guitar, Bass & Keyb…","The Leem KA-1210 is a genuinely multi-purpose combo — separate guitar/bass and keyboard channels plus two microphone inputs — Bob Music Store, Beirut.",g,active
edison-fa-1200-bluetooth-pa-speaker-system-multi-function,Edison FA-1200 Bluetooth PA Speaker System — Multi-Function,"<p>The Edison FA-1200 multi-function Bluetooth speaker and PA system, with LED lighting columns, wireless streaming, USB and card playback and microphone inputs. Built for parties, functions and small venues. Supplied boxed with its accessories.</p>",Edison,Electronics > Audio > Audio Components > Speakers,Speaker,"Speakers & PA, Audio & Studio, speaker, pa speaker, bluetooth, edison, fa-1200, tower speaker, party, boxed",true,Title,Default Title,,,,,PA-52,9000,shopify,1,deny,manual,0.00,,true,true,,https://cdn.jsdelivr.net/gh/Divercitieslb/bob-music-store@main/import/images/PA-52-01.jpg,1,Edison FA-1200 Bluetooth PA Speaker System — Multi-Function — Bob Music Store,false,Edison FA-1200 Bluetooth PA Speaker System — Multi-Function,"The Edison FA-1200 multi-function Bluetooth speaker and PA system, with LED lighting columns, wireless streaming, USB and card — Bob Music Store, Beirut.",g,active
elementa-hi-fi-pa-speaker-cabinet-full-range-passive,Elementa Hi-Fi PA Speaker Cabinet — Full-Range Passive,"<p>A full-range passive PA cabinet from the Elementa Hi-Fi system, with a perforated metal grille over the driver and a ported enclosure. Pole-mountable and built to be driven from any standard power amplifier — a straightforward, solid box for fixed installation or hire stock.</p>",Elementa,Electronics > Audio > Audio Components > Speakers,Speaker,"Speakers & PA, Audio & Studio, speaker, pa speaker, passive speaker, cabinet, full range, elementa, used",true,Title,Default Title,,,,,PA-53,9000,shopify,1,deny,manual,0.00,,true,true,,https://cdn.jsdelivr.net/gh/Divercitieslb/bob-music-store@main/import/images/PA-53-01.jpg,1,Elementa Hi-Fi PA Speaker Cabinet — Full-Range Passive — Bob Music Store,false,Elementa Hi-Fi PA Speaker Cabinet — Full-Range Passive,"A full-range passive PA cabinet from the Elementa Hi-Fi system, with a perforated metal grille over the driver and a ported — Bob Music Store, Beirut.",g,active
epiphone-electar-10-guitar-practice-amplifier,Epiphone Electar-10 Guitar Practice Amplifier,"<p>The Epiphone Electar-10 practice combo — volume, treble and bass, an aux input for playing along and a headphone socket for silent practice. Compact enough for a bedroom and loud enough for a lesson. A dependable first amplifier from a name that needs no introduction.</p>",Epiphone,Arts & Entertainment > Hobbies & Creative Arts > Musical Instrument & Orchestra Accessories > Musical Instrument Amplifiers,Amplifier,"Amplifiers, Audio & Studio, amplifier, guitar amp, practice amp, epiphone, electar 10, combo, used",true,Title,Default Title,,,,,PA-54,12000,shopify,1,deny,manual,0.00,,true,true,,https://cdn.jsdelivr.net/gh/Divercitieslb/bob-music-store@main/import/images/PA-54-01.jpg,1,Epiphone Electar-10 Guitar Practice Amplifier — Bob Music Store,false,Epiphone Electar-10 Guitar Practice Amplifier,"The Epiphone Electar-10 practice combo — volume, treble and bass, an aux input for playing along and a headphone socket — Bob Music Store, Beirut.",g,active
audio-technica-at2020usb-cardioid-condenser-microphone,Audio-Technica AT2020USB Cardioid Condenser Microphone,"<p>The Audio-Technica AT2020USB — the studio condenser that became the default for podcasting, streaming and home vocal recording. Cardioid pattern for good room rejection, built-in USB converter so it goes straight into a computer, and the honest, detailed voicing the AT2020 is known for. Supplied boxed with stand mount and tripod.</p>",Audio-Technica,Arts & Entertainment > Hobbies & Creative Arts > Musical Instrument & Orchestra Accessories > Microphone Stands,Microphone,"Microphones, Audio & Studio, microphone, condenser microphone, usb microphone, audio technica, at2020usb, podcast, streaming, recording, boxed",true,Title,Default Title,,,,,PA-55,550,shopify,1,deny,manual,0.00,,true,true,,https://cdn.jsdelivr.net/gh/Divercitieslb/bob-music-store@main/import/images/PA-55-01.jpg,1,Audio-Technica AT2020USB Cardioid Condenser Microphone — Bob Music Store,false,Audio-Technica AT2020USB Cardioid Condenser Microphone,"The Audio-Technica AT2020USB — the studio condenser that became the default for podcasting, streaming and home vocal recording — Bob Music Store, Beirut.",g,active
professional-condenser-microphone-kit-boom-arm-shock-mount-pop-filter,"Professional Condenser Microphone Kit — Boom Arm, Shock Mount & Pop Filter","<p>A complete condenser microphone kit for recording and streaming: large-diaphragm capsule, scissor boom arm, elastic shock mount, pop filter and cables. Everything needed to get a clean vocal or voice-over take at a desk, in one box, at a fraction of the cost of buying the parts separately.</p>",Unbranded,Arts & Entertainment > Hobbies & Creative Arts > Musical Instrument & Orchestra Accessories > Microphone Stands,Microphone,"Microphones, Audio & Studio, microphone, condenser microphone, recording kit, boom arm, shock mount, pop filter, podcast, streaming, boxed",true,Title,Default Title,,,,,PA-56,550,shopify,1,deny,manual,0.00,,true,true,,https://cdn.jsdelivr.net/gh/Divercitieslb/bob-music-store@main/import/images/PA-56-01.jpg,1,"Professional Condenser Microphone Kit — Boom Arm, Shock Mount & Pop Filter — Bob Music Store",false,"Professional Condenser Microphone Kit — Boom Arm, Shock M…","A complete condenser microphone kit for recording and streaming: large-diaphragm capsule, scissor boom arm, elastic shock — Bob Music Store, Beirut.",g,active
newrixing-nr-6011m-outdoor-wireless-speaker-with-twin-microphones,NewRixing NR-6011M Outdoor Wireless Speaker with Twin Microphones,"<p>The NewRixing NR-6011M portable speaker with two wireless microphones — a self-contained karaoke and announcement rig. Bluetooth 5.0, USB and card playback, FM radio, aux input, LED display and around seven hours of playback from the internal battery. Shoulder strap included. Supplied boxed and sealed.</p>",NewRixing,Electronics > Audio > Audio Components > Speakers,Speaker,"Speakers & PA, Audio & Studio, speaker, portable speaker, bluetooth, wireless microphone, karaoke, party speaker, outdoor, boxed",true,Title,Default Title,,,,,PA-57,9000,shopify,1,deny,manual,0.00,,true,true,,https://cdn.jsdelivr.net/gh/Divercitieslb/bob-music-store@main/import/images/PA-57-01.jpg,1,NewRixing NR-6011M Outdoor Wireless Speaker with Twin Microphones — Bob Music Store,false,NewRixing NR-6011M Outdoor Wireless Speaker with Twin Mic…,"The NewRixing NR-6011M portable speaker with two wireless microphones — a self-contained karaoke and announcement rig — Bob Music Store, Beirut.",g,active
tco-1-compressor-sustainer-pedal-attack-sustain-level,"TCO-1 Compressor / Sustainer Pedal — Attack, Sustain & Level","<p>A vintage-style compressor and sustainer in a hammered metal enclosure, with Attack, Sustain and Level controls. Evens out picking dynamics and holds notes far longer than the guitar alone — the pedal behind clean funk chops and long, singing country bends. Well used, honestly worn, and still doing the job.</p>",Coron,Arts & Entertainment > Hobbies & Creative Arts > Musical Instrument & Orchestra Accessories > Electronic Musical Instrument Accessories,Effects Pedal,"Effects Pedals, Audio & Studio, effects pedal, compressor, sustainer, guitar pedal, stompbox, vintage, used",true,Title,Default Title,,,,,PA-58,700,shopify,1,deny,manual,0.00,,true,true,,https://cdn.jsdelivr.net/gh/Divercitieslb/bob-music-store@main/import/images/PA-58-01.jpg,1,"TCO-1 Compressor / Sustainer Pedal — Attack, Sustain & Level — Bob Music Store",false,"TCO-1 Compressor / Sustainer Pedal — Attack, Sustain & Level","A vintage-style compressor and sustainer in a hammered metal enclosure, with Attack, Sustain and Level controls — Bob Music Store, Beirut.",g,active
irin-v68-violin-strings-cupronickel-wound-full-set,"IRIN V68 Violin Strings — Cupronickel Wound, Full Set","<p>A full set of IRIN V68 violin strings, cupronickel wound over a steel core — bright, stable and quick to settle, which is exactly what a student or a busy teaching studio wants. Sized for 4/4 and 3/4 instruments with ball ends.</p>",IRIN,Arts & Entertainment > Hobbies & Creative Arts > Musical Instrument & Orchestra Accessories,Violin Strings,"Violin & Bass Strings, Strings & Accessories, strings, violin strings, irin, v68, cupronickel, 4/4, set",true,Title,Default Title,,,,,STR-27,60,shopify,1,deny,manual,0.00,,true,true,,https://cdn.jsdelivr.net/gh/Divercitieslb/bob-music-store@main/import/images/STR-27-01.jpg,1,"IRIN V68 Violin Strings — Cupronickel Wound, Full Set — Bob Music Store",false,"IRIN V68 Violin Strings — Cupronickel Wound, Full Set","A full set of IRIN V68 violin strings, cupronickel wound over a steel core — bright, stable and quick to settle, which is — Bob Music Store, Beirut.",g,active
d-orazio-4-36-classical-guitar-strings-silver-plated-nylon-normal-tension,"D'Orazio 4-36 Classical Guitar Strings — Silver-Plated Nylon, Normal Tension","<p>A full set of D'Orazio 4-36 classical guitar strings — clear nylon trebles with silver-plated wound basses at normal tension. Made in Italy by a string house working since 1859, with the warm, round voice that suits Spanish and Arabic classical repertoire alike.</p>",D'Orazio,Arts & Entertainment > Hobbies & Creative Arts > Musical Instrument & Orchestra Accessories,Guitar Strings,"Guitar Strings, Strings & Accessories, strings, classical guitar strings, nylon strings, d orazio, normal tension, italian, set",true,Title,Default Title,,,,,STR-28,90,shopify,1,deny,manual,0.00,,true,true,,https://cdn.jsdelivr.net/gh/Divercitieslb/bob-music-store@main/import/images/STR-28-01.jpg,1,"D'Orazio 4-36 Classical Guitar Strings — Silver-Plated Nylon, Normal Tension — Bob Music Store",false,D'Orazio 4-36 Classical Guitar Strings — Silver-Plated Ny…,"A full set of D'Orazio 4-36 classical guitar strings — clear nylon trebles with silver-plated wound basses at normal tension — Bob Music Store, Beirut.",g,active
d-orazio-4-40-classical-guitar-strings-silver-plated-nylon-hard-tension,"D'Orazio 4-40 Classical Guitar Strings — Silver-Plated Nylon, Hard Tension","<p>The hard-tension version of the D'Orazio classical set — silver-plated wound basses and clear nylon trebles at a higher tension for more volume, more attack and a firmer feel under the right hand. The set to reach for if normal tension feels slack or you play with a heavy touch.</p>",D'Orazio,Arts & Entertainment > Hobbies & Creative Arts > Musical Instrument & Orchestra Accessories,Guitar Strings,"Guitar Strings, Strings & Accessories, strings, classical guitar strings, nylon strings, d orazio, hard tension, italian, set",true,Title,Default Title,,,,,STR-29,90,shopify,1,deny,manual,0.00,,true,true,,https://cdn.jsdelivr.net/gh/Divercitieslb/bob-music-store@main/import/images/STR-29-01.jpg,1,"D'Orazio 4-40 Classical Guitar Strings — Silver-Plated Nylon, Hard Tension — Bob Music Store",false,D'Orazio 4-40 Classical Guitar Strings — Silver-Plated Ny…,"The hard-tension version of the D'Orazio classical set — silver-plated wound basses and clear nylon trebles at a higher tension — Bob Music Store, Beirut.",g,active
d-orazio-1-40-classical-guitar-strings-clear-nylon-full-set,"D'Orazio 1-40 Classical Guitar Strings — Clear Nylon, Full Set","<p>A full D'Orazio 1-40 classical set with clear nylon trebles — bright and clean, with even response across the fingerboard. Italian-made and consistently well finished, so intonation stays true right up the neck.</p>",D'Orazio,Arts & Entertainment > Hobbies & Creative Arts > Musical Instrument & Orchestra Accessories,Guitar Strings,"Guitar Strings, Strings & Accessories, strings, classical guitar strings, nylon strings, clear nylon, d orazio, italian, set",true,Title,Default Title,,,,,STR-30,90,shopify,1,deny,manual,0.00,,true,true,,https://cdn.jsdelivr.net/gh/Divercitieslb/bob-music-store@main/import/images/STR-30-01.jpg,1,"D'Orazio 1-40 Classical Guitar Strings — Clear Nylon, Full Set — Bob Music Store",false,"D'Orazio 1-40 Classical Guitar Strings — Clear Nylon, Ful…","A full D'Orazio 1-40 classical set with clear nylon trebles — bright and clean, with even response across the fingerboard — Bob Music Store, Beirut.",g,active
d-orazio-047-acoustic-guitar-strings-bronze-80-20-round-wound,"D'Orazio 047 Acoustic Guitar Strings — Bronze 80/20, Round Wound","<p>A full set of D'Orazio 047 acoustic guitar strings in 80/20 bronze, round wound — crisp, loud and bright, the classic bronze voice for strummed rhythm and recording. Italian made, cleanly wound and evenly tensioned across the set.</p>",D'Orazio,Arts & Entertainment > Hobbies & Creative Arts > Musical Instrument & Orchestra Accessories,Guitar Strings,"Guitar Strings, Strings & Accessories, strings, acoustic guitar strings, bronze strings, 80/20 bronze, d orazio, italian, set",true,Title,Default Title,,,,,STR-31,90,shopify,1,deny,manual,0.00,,true,true,,https://cdn.jsdelivr.net/gh/Divercitieslb/bob-music-store@main/import/images/STR-31-01.jpg,1,"D'Orazio 047 Acoustic Guitar Strings — Bronze 80/20, Round Wound — Bob Music Store",false,"D'Orazio 047 Acoustic Guitar Strings — Bronze 80/20, Roun…","A full set of D'Orazio 047 acoustic guitar strings in 80/20 bronze, round wound — crisp, loud and bright, the classic bronze — Bob Music Store, Beirut.",g,active
mendini-by-cecilio-alto-saxophone-black-lacquer-with-gold-keys-full-outfit,"Mendini by Cecilio Alto Saxophone — Black Lacquer with Gold Keys, Full Outfit","<p>A Mendini by Cecilio alto saxophone in black lacquer with contrasting gold-lacquer keywork — a genuinely handsome student horn. Supplied as a complete outfit in its fitted hard case: mouthpiece with ligature and cap, neck strap, cleaning cloth and swab, cork grease, a pack of reeds and a clip-on chromatic tuner. Ribbed construction, adjustable thumb rest and leather pads with metal resonators. Everything a starting player needs in one box.</p>",Mendini by Cecilio,Arts & Entertainment > Hobbies & Creative Arts > Musical Instruments > Wind Instruments > Saxophones,Saxophone,"Saxophones & Brass, Violins & Wind, saxophone, alto sax, mendini, cecilio, black lacquer, student sax, wind, outfit",true,Title,Default Title,,,,,WND-06,5200,shopify,1,deny,manual,0.00,,true,true,,https://cdn.jsdelivr.net/gh/Divercitieslb/bob-music-store@main/import/images/WND-06-01.jpg,1,"Mendini by Cecilio Alto Saxophone — Black Lacquer with Gold Keys, Full Outfit — Bob Music Store",false,Mendini by Cecilio Alto Saxophone — Black Lacquer with Go…,"A Mendini by Cecilio alto saxophone in black lacquer with contrasting gold-lacquer keywork — a genuinely handsome student horn — Bob Music Store, Beirut.",g,active
mendini-by-cecilio-alto-saxophone-black-lacquer-with-gold-keys-full-outfit,,,,,,,,,,,,,,,,,,,,,,,,,https://cdn.jsdelivr.net/gh/Divercitieslb/bob-music-store@main/import/images/WND-06-02.jpg,2,"Mendini by Cecilio Alto Saxophone — Black Lacquer with Gold Keys, Full Outfit — view 2",,,,,
pan-flute-pair-curved-bamboo-student-sizes,"Pan Flute Pair — Curved Bamboo, Student Sizes","<p>A pair of curved bamboo pan flutes bound with cane and cord in the traditional way. The graduated pipes give a clear, breathy tone that sits beautifully in folk and world music, and the curved arrangement puts every pipe within easy reach of the lips. No keys, no reeds — just breath and a row of tuned pipes.</p>",Handmade,Arts & Entertainment > Hobbies & Creative Arts > Musical Instruments > Wind Instruments > Flutes,Pan Flute,"Flutes & Ney, Violins & Wind, Beginner & Student, pan flute, panpipes, bamboo, folk, wind, handmade, world instrument",true,Title,Default Title,,,,,WND-07,380,shopify,1,deny,manual,0.00,,true,true,,https://cdn.jsdelivr.net/gh/Divercitieslb/bob-music-store@main/import/images/WND-07-01.jpg,1,"Pan Flute Pair — Curved Bamboo, Student Sizes — Bob Music Store",false,"Pan Flute Pair — Curved Bamboo, Student Sizes","A pair of curved bamboo pan flutes bound with cane and cord in the traditional way — Bob Music Store, Beirut.",g,active
brass-bugle-on-wooden-display-base-polished-lacquer,Brass Bugle on Wooden Display Base — Polished Lacquer,"<p>A polished brass bugle mounted on a turned wooden base. The classic single-coil cavalry shape with a flared bell and a fitted mouthpiece — playable for calls and fanfares, and equally at home as a display piece on a shelf or counter. The lacquered finish keeps the brass bright with minimal polishing.</p>",Unbranded,Arts & Entertainment > Hobbies & Creative Arts > Musical Instruments > Wind Instruments > Brass Instruments,Bugle,"Saxophones & Brass, Violins & Wind, bugle, brass, horn, display, decorative, wind, collectible",true,Title,Default Title,,,,,WND-08,900,shopify,1,deny,manual,0.00,,true,true,,https://cdn.jsdelivr.net/gh/Divercitieslb/bob-music-store@main/import/images/WND-08-01.jpg,1,Brass Bugle on Wooden Display Base — Polished Lacquer — Bob Music Store,false,Brass Bugle on Wooden Display Base — Polished Lacquer,"A polished brass bugle mounted on a turned wooden base. The classic single-coil cavalry shape with a flared bell and a fitted — Bob Music Store, Beirut.",g,active
large-curved-pan-flute-wide-bore-bamboo-concert-size,"Large Curved Pan Flute — Wide-Bore Bamboo, Concert Size","<p>A large concert-size pan flute with a deep curve and a wide row of bamboo pipes, giving a much fuller and lower voice than the student sizes. The pipes are bound and lacquered, with the curve set so the whole range stays under the player's lips in one sweep. A serious folk instrument with real projection.</p>",Handmade,Arts & Entertainment > Hobbies & Creative Arts > Musical Instruments > Wind Instruments > Flutes,Pan Flute,"Flutes & Ney, Violins & Wind, pan flute, panpipes, bamboo, concert, folk, wind, handmade",true,Title,Default Title,,,,,WND-09,380,shopify,1,deny,manual,0.00,,true,true,,https://cdn.jsdelivr.net/gh/Divercitieslb/bob-music-store@main/import/images/WND-09-01.jpg,1,"Large Curved Pan Flute — Wide-Bore Bamboo, Concert Size — Bob Music Store",false,"Large Curved Pan Flute — Wide-Bore Bamboo, Concert Size","A large concert-size pan flute with a deep curve and a wide row of bamboo pipes, giving a much fuller and lower voice than — Bob Music Store, Beirut.",g,active
reed-ney-kaval-set-assorted-keys-natural-cane,"Reed Ney / Kaval Set — Assorted Keys, Natural Cane","<p>A set of natural cane reed flutes in assorted keys — the ney of Arabic and Turkish music, played by directing breath across the rim rather than through a fipple. Each pipe is cut and burnished by hand, so the grain and colour vary from piece to piece. Sold as the set pictured; ask us if you need a specific key on its own.</p>",Handmade,Arts & Entertainment > Hobbies & Creative Arts > Musical Instruments > Wind Instruments > Flutes,Ney,"Flutes & Ney, Violins & Wind, Arabic Instruments, ney, kaval, reed flute, cane, arabic, turkish, wind, world instrument, set",true,Title,Default Title,,,,,WND-10,220,shopify,1,deny,manual,0.00,,true,true,,https://cdn.jsdelivr.net/gh/Divercitieslb/bob-music-store@main/import/images/WND-10-01.jpg,1,"Reed Ney / Kaval Set — Assorted Keys, Natural Cane — Bob Music Store",false,"Reed Ney / Kaval Set — Assorted Keys, Natural Cane","A set of natural cane reed flutes in assorted keys — the ney of Arabic and Turkish music, played by directing breath across — Bob Music Store, Beirut.",g,active
bamboo-ney-flutes-with-fitted-mouthpieces-pair,Bamboo Ney Flutes with Fitted Mouthpieces — Pair,"<p>A pair of bamboo ney flutes fitted with turned mouthpieces, which make the instrument far easier to sound than a bare-rim ney — a good route in for players coming from recorder or Western flute. Bound at the joints for stability and finished by hand, with the warm, airy tone the ney is loved for.</p>",Handmade,Arts & Entertainment > Hobbies & Creative Arts > Musical Instruments > Wind Instruments > Flutes,Ney,"Flutes & Ney, Violins & Wind, Arabic Instruments, ney, reed flute, bamboo, mouthpiece, arabic, turkish, wind, world instrument",true,Title,Default Title,,,,,WND-11,220,shopify,1,deny,manual,0.00,,true,true,,https://cdn.jsdelivr.net/gh/Divercitieslb/bob-music-store@main/import/images/WND-11-01.jpg,1,Bamboo Ney Flutes with Fitted Mouthpieces — Pair — Bob Music Store,false,Bamboo Ney Flutes with Fitted Mouthpieces — Pair,"A pair of bamboo ney flutes fitted with turned mouthpieces, which make the instrument far easier to sound than a bare-rim ney  — Bob Music Store, Beirut.",g,active
silver-plated-concert-flute-c-foot-with-case,"Silver-Plated Concert Flute — C Foot, with Case","<p>A silver-plated concert flute in C with closed-hole keywork — the standard student configuration, and the easiest route into orchestral and band playing. Offset G, C foot joint, and drawn tone holes. Supplied with its case, cleaning rod and cloth. Set up and checked before it leaves the shop.</p>",Unbranded,Arts & Entertainment > Hobbies & Creative Arts > Musical Instruments > Wind Instruments > Flutes,Flute,"Flutes & Ney, Violins & Wind, flute, concert flute, silver plated, student flute, orchestral, wind",true,Title,Default Title,,,,,WND-12,1100,shopify,1,deny,manual,0.00,,true,true,,https://cdn.jsdelivr.net/gh/Divercitieslb/bob-music-store@main/import/images/WND-12-01.jpg,1,"Silver-Plated Concert Flute — C Foot, with Case — Bob Music Store",false,"Silver-Plated Concert Flute — C Foot, with Case","A silver-plated concert flute in C with closed-hole keywork — the standard student configuration, and the easiest route into — Bob Music Store, Beirut.",g,active
silver-plated-concert-flute-student-model-second-unit,"Silver-Plated Concert Flute — Student Model, Second Unit","<p>A second silver-plated student concert flute in C, closed-hole with an offset G. Light, even key action and a responsive headjoint that speaks easily for a beginner. Comes with case and cleaning rod. Ideal as a school or second instrument.</p>",Unbranded,Arts & Entertainment > Hobbies & Creative Arts > Musical Instruments > Wind Instruments > Flutes,Flute,"Flutes & Ney, Violins & Wind, Beginner & Student, flute, concert flute, silver plated, student flute, orchestral, wind",true,Title,Default Title,,,,,WND-13,1100,shopify,1,deny,manual,0.00,,true,true,,https://cdn.jsdelivr.net/gh/Divercitieslb/bob-music-store@main/import/images/WND-13-01.jpg,1,"Silver-Plated Concert Flute — Student Model, Second Unit — Bob Music Store",false,"Silver-Plated Concert Flute — Student Model, Second Unit","A second silver-plated student concert flute in C, closed-hole with an offset G — Bob Music Store, Beirut.",g,active
ney-reed-flute-single-wrapped-grip,"Ney Reed Flute — Single, Wrapped Grip","<p>A single cane ney with a bound and wrapped grip at the playing position, which protects the cane and steadies the hand. Traditional seven-hole layout (six front, one thumb). Played at an angle across the rim, it gives the breathy, vocal tone that carries so much of Arabic and Sufi music.</p>",Handmade,Arts & Entertainment > Hobbies & Creative Arts > Musical Instruments > Wind Instruments > Flutes,Ney,"Flutes & Ney, Violins & Wind, Arabic Instruments, ney, reed flute, cane, arabic, turkish, wind, world instrument, handmade",true,Title,Default Title,,,,,WND-14,220,shopify,1,deny,manual,0.00,,true,true,,https://cdn.jsdelivr.net/gh/Divercitieslb/bob-music-store@main/import/images/WND-14-01.jpg,1,"Ney Reed Flute — Single, Wrapped Grip — Bob Music Store",false,"Ney Reed Flute — Single, Wrapped Grip","A single cane ney with a bound and wrapped grip at the playing position, which protects the cane and steadies the hand — Bob Music Store, Beirut.",g,active
soprano-recorders-in-c-cream-three-piece-set-of-3,"Soprano Recorders in C — Cream, Three-Piece (Set of 3)","<p>Three cream soprano recorders in C, three-piece construction with a tapered bore and German fingering. Joints are greased and fit snugly so tuning can be adjusted at the head. The obvious first wind instrument for a child — cheap to replace, easy to clean, and genuinely in tune.</p>",Unbranded,Arts & Entertainment > Hobbies & Creative Arts > Musical Instruments > Wind Instruments > Recorders,Recorder,"Recorders, Violins & Wind, recorder, soprano recorder, school recorder, student, wind, set, beginner",true,Title,Default Title,,,,,WND-15,120,shopify,1,deny,manual,0.00,,true,true,,https://cdn.jsdelivr.net/gh/Divercitieslb/bob-music-store@main/import/images/WND-15-01.jpg,1,"Soprano Recorders in C — Cream, Three-Piece (Set of 3) — Bob Music Store",false,"Soprano Recorders in C — Cream, Three-Piece (Set of 3)","Three cream soprano recorders in C, three-piece construction with a tapered bore and German fingering — Bob Music Store, Beirut.",g,active
hand-painted-soprano-recorders-blue-red-green-set-of-3,"Hand-Painted Soprano Recorders — Blue, Red & Green (Set of 3)","<p>Three soprano recorders finished by hand in blue, red and green with painted floral panels and contrasting tips. They play as properly as the plain ones — three-piece, in C, with a clean fipple — but they look like something worth keeping. A good gift for a child starting out.</p>",Handmade,Arts & Entertainment > Hobbies & Creative Arts > Musical Instruments > Wind Instruments > Recorders,Recorder,"Recorders, Violins & Wind, recorder, soprano recorder, hand painted, colourful, student, wind, set, gift",true,Title,Default Title,,,,,WND-16,120,shopify,1,deny,manual,0.00,,true,true,,https://cdn.jsdelivr.net/gh/Divercitieslb/bob-music-store@main/import/images/WND-16-01.jpg,1,"Hand-Painted Soprano Recorders — Blue, Red & Green (Set of 3) — Bob Music Store",false,"Hand-Painted Soprano Recorders — Blue, Red & Green (Set o…","Three soprano recorders finished by hand in blue, red and green with painted floral panels and contrasting tips — Bob Music Store, Beirut.",g,active
soprano-recorder-assortment-wood-coloured-boxed-selection,"Soprano Recorder Assortment — Wood & Coloured, Boxed Selection","<p>A mixed selection of soprano recorders — natural wood and painted finishes — supplied with original sleeves and boxes. Sizes and colours as pictured. A practical bundle for a school, a teacher, or anyone equipping a group of beginners at once.</p>",Unbranded,Arts & Entertainment > Hobbies & Creative Arts > Musical Instruments > Wind Instruments > Recorders,Recorder,"Recorders, Violins & Wind, recorder, soprano recorder, assortment, student, wind, set, boxed",true,Title,Default Title,,,,,WND-17,120,shopify,1,deny,manual,0.00,,true,true,,https://cdn.jsdelivr.net/gh/Divercitieslb/bob-music-store@main/import/images/WND-17-01.jpg,1,"Soprano Recorder Assortment — Wood & Coloured, Boxed Selection — Bob Music Store",false,"Soprano Recorder Assortment — Wood & Coloured, Boxed Sele…","A mixed selection of soprano recorders — natural wood and painted finishes — supplied with original sleeves and boxes — Bob Music Store, Beirut.",g,active
wooden-soprano-recorders-natural-two-tone-set-of-3,Wooden Soprano Recorders — Natural & Two-Tone (Set of 3),"<p>Three wooden soprano recorders in natural and two-tone finishes. Wood gives a warmer, rounder tone than plastic and a slightly softer response under the fingers — the step up a player makes once they are past the first year. Three-piece with turned decorative rings and greased joints.</p>",Handmade,Arts & Entertainment > Hobbies & Creative Arts > Musical Instruments > Wind Instruments > Recorders,Recorder,"Recorders, Violins & Wind, recorder, soprano recorder, wooden recorder, natural wood, student, wind, set",true,Title,Default Title,,,,,WND-18,120,shopify,1,deny,manual,0.00,,true,true,,https://cdn.jsdelivr.net/gh/Divercitieslb/bob-music-store@main/import/images/WND-18-01.jpg,1,Wooden Soprano Recorders — Natural & Two-Tone (Set of 3) — Bob Music Store,false,Wooden Soprano Recorders — Natural & Two-Tone (Set of 3),"Three wooden soprano recorders in natural and two-tone finishes. Wood gives a warmer, rounder tone than plastic and a slightly — Bob Music Store, Beirut.",g,active
